run_index,outcome,killer,ticks,days_survived,waves_survived,enemies_killed,elites_killed,captains_killed,legendary_kills,hideouts_cleared,repairs,highest_pressure_level,num_deaths,obj_scavenge_shipwreck,obj_build_campfire,obj_win_first_fight,obj_build_3_structures,obj_recruit_villager,obj_explore_poi,obj_choose_expansion,obj_survive_5_nights,obj_find_legendary_hideout,obj_defeat_ashen_warlord,victory_rescue_progress,victory_prosperity,victory_conquest,final_hp,final_skill_total,final_inventory_count,structures_built,crisis_highest_phase,crisis_final_phase,crisis_final_pressure,crisis_signs_tick,crisis_pressure_tick,crisis_preparing_tick,crisis_assault_ready_tick,crisis_assault_active_tick,crisis_resolved_tick,crisis_assaults_launched,crisis_assaults_resolved,crisis_units_remaining,crisis_status_packets_sent,crisis_login_snapshots_sent,crisis_duplicate_assaults,personal_crisis_automatic_dusk_hordes,crisis_invariants_ok,safe_logout_scenario_mode,safe_logout_requests,safe_logout_accepted,safe_logout_rejected,safe_logout_cancelled,safe_logout_completed,safe_logout_protected_sessions_started,safe_logout_resumed,safe_logout_protected_ticks_total,safe_logout_ordinary_disconnects,safe_logout_active_assault_disconnects,safe_logout_status_packets_sent,safe_logout_status_packets_duplicate_suppressed,safe_logout_protected_input_rejections,safe_logout_protected_damage_blocks,safe_logout_protected_target_rejections,safe_logout_queued_events_discarded,safe_logout_invariant_recoveries,safe_logout_run_key_mismatches,safe_logout_timer_rebases,safe_logout_stale_connection_events_rejected,safe_logout_rejection_reasons,safe_logout_cancellation_reasons,safe_logout_invariant_reasons,safe_logout_invariants_ok,crisis_balance_scenario,crisis_balance_hero_class,crisis_balance_run_id,crisis_balance_tick_cap,crisis_balance_tick_cap_reached,crisis_balance_progression_fixture,crisis_balance_config,crisis_created_tick,crisis_created_online_tick,crisis_signs_online_tick,crisis_pressure_online_tick,crisis_preparing_online_tick,crisis_assault_ready_online_tick,crisis_assault_active_online_tick,crisis_resolved_online_tick,crisis_dormant_duration_ticks,crisis_signs_duration_ticks,crisis_pressure_duration_ticks,crisis_preparing_duration_ticks,crisis_ready_duration_ticks,crisis_assault_duration_ticks,crisis_total_duration_ticks,crisis_total_online_before_launch_ticks,crisis_pressure_creation_raw,crisis_pressure_creation_clamped,crisis_pressure_signs_raw,crisis_pressure_signs_clamped,crisis_pressure_pressure_raw,crisis_pressure_pressure_clamped,crisis_pressure_preparing_raw,crisis_pressure_preparing_clamped,crisis_pressure_ready_raw,crisis_pressure_ready_clamped,crisis_pressure_launch_raw,crisis_pressure_launch_clamped,crisis_pressure_resolution_raw,crisis_pressure_resolution_clamped,crisis_pressure_raw_total,crisis_pressure_clamped_total,crisis_pressure_danger_unlocked,crisis_pressure_structures,crisis_pressure_villagers,crisis_pressure_explore_poi,crisis_pressure_choose_expansion,crisis_pressure_stored_gold,crisis_pressure_sanctuary,crisis_pressure_online_time,crisis_pressure_dominant_contributor,crisis_prep_hero_health,crisis_prep_hero_max_health,crisis_prep_equipped_weapon,crisis_prep_equipped_armor_count,crisis_prep_healing_items,crisis_prep_food_items,crisis_prep_drink_items,crisis_prep_completed_structures,crisis_prep_foundations,crisis_prep_wall_segments,crisis_prep_wall_total_health,crisis_prep_wall_total_max_health,crisis_prep_villagers_alive,crisis_prep_villagers_combat_capable,crisis_prep_sanctuary_level,crisis_prep_stored_gold,crisis_prep_stored_food,crisis_prep_stored_resources_total,crisis_prep_structures_built,crisis_prep_walls_built,crisis_prep_structures_repaired,crisis_prep_equipment_changes,crisis_prep_healing_items_acquired,crisis_prep_villagers_recruited,crisis_prep_villager_assignments_changed,crisis_prep_sanctuary_upgrades,crisis_prep_resource_units_acquired,crisis_prep_storage_units_added,crisis_prep_online_ticks_near_settlement,crisis_prep_online_ticks_away_from_settlement,crisis_prep_returned_after_warning,crisis_prep_action_performed,crisis_outcome_assault_launched,crisis_outcome_assault_resolved,crisis_outcome_units_total,crisis_outcome_units_defeated,crisis_outcome_units_remaining,crisis_outcome_hero_damage,crisis_outcome_hero_deaths,crisis_outcome_hero_alive_at_resolution,crisis_outcome_villagers_at_launch,crisis_outcome_villagers_killed,crisis_outcome_structures_at_launch,crisis_outcome_structures_damaged,crisis_outcome_structures_destroyed,crisis_outcome_walls_at_launch,crisis_outcome_walls_destroyed,crisis_outcome_structure_damage,crisis_outcome_villager_damage,crisis_outcome_player_kills,crisis_outcome_villager_kills,crisis_outcome_helper_kills,crisis_outcome_defence_or_other_kills,crisis_outcome_ordinary_disconnect,crisis_outcome_reconnected,crisis_outcome_resolved_owner_offline,crisis_outcome_safe_logout_before_assault,crisis_outcome_helper_participated,crisis_outcome_cross_player_target_violations,crisis_warning_signs_delivery_tick,crisis_warning_preparing_delivery_tick,crisis_warning_ready_delivery_tick,crisis_warning_launch_delivery_tick,crisis_warning_preparing_to_launch_online_ticks,crisis_warning_ready_to_launch_online_ticks,crisis_warning_preparing_near_settlement,crisis_warning_ready_near_settlement,crisis_warning_launch_near_settlement,crisis_warning_signs_to_launch_global_ticks,crisis_warning_signs_to_launch_online_ticks,crisis_prep_repairs_started,crisis_prep_repairs_completed,crisis_prep_defensive_structures_started,crisis_prep_defensive_structures_completed,crisis_prep_healing_items_carried_at_launch,crisis_prep_healing_items_used_before_launch,crisis_prep_combat_capable_villagers_at_launch,crisis_prep_first_preparation_action_tick,crisis_prep_meaningful_preparation_categories,crisis_prep_meaningful_preparation_category_count
0,TrueDeath,Wolf,7239,3,0,1,1,0,0,0,0,2,2,false,true,false,true,false,true,true,false,false,false,0,false,false,-1,400,15,3,assault_active,assault_active,91,1812,2412,3612,5412,6612,,1,0,2,17,1,0,0,true,standard,0,0,0,0,0,0,0,0,0,0,10,10,0,0,0,0,0,0,0,0,{},{},{},true,prepared_solo,Warrior,prepared_solo-warrior-staged-r0-0,20000,false,true,"{""pressure_max"":100,""danger_unlocked_pressure"":10,""three_structures_pressure"":20,""villager_pressure"":15,""explore_poi_pressure"":10,""choose_expansion_pressure"":15,""gold_tier_thresholds"":[25,50,100],""gold_pressure_per_tier"":5,""sanctuary_pressure_per_level"":2,""sanctuary_pressure_max"":10,""online_pressure_tier_ticks"":[600,1800,3600],""online_pressure_per_tier"":5,""signs_threshold"":20,""pressure_threshold"":45,""preparing_threshold"":45,""assault_ready_threshold"":49,""signs_min_online_ticks"":600,""pressure_min_online_ticks"":1200,""preparing_min_online_ticks"":1800,""assault_ready_grace_ticks"":300,""assault_max_online_wait_ticks"":1200,""preferred_launch_window"":""dusk_or_night"",""game_ticks_per_day"":2400,""preferred_launch_start_tick"":2000,""preferred_launch_wrap_end_tick"":400,""assault_composition"":[""Wolf Rider"",""Wolf Rider"",""Goblin Pillager""],""assault_vision"":14,""fallback_spawn_min_distance"":6,""fallback_spawn_max_distance"":8,""sanctuary_spawn_min_offset_from_weak_radius"":1,""sanctuary_spawn_max_offset_from_weak_radius"":3,""neighbouring_structure_exclusion_distance"":3,""spawn_candidate_limit"":96}",1805,0,1,601,1801,3601,4801,,7,600,1200,1800,1200,,,4801,0,0,56,56,61,61,86,86,91,91,91,91,,,91,91,10,20,0,10,15,15,6,15,structures,110,110,Sharpened Stick,1,1,2,5,3,0,1,20,20,0,0,3,120,14,148,0,0,0,0,0,0,0,0,0,0,3000,0,false,false,true,false,3,1,2,218,2,,0,0,3,0,0,1,0,0,0,1,0,0,0,false,false,false,false,false,0,1812,3612,5412,6612,3000,1200,true,true,true,4800,4800,0,0,0,0,1,0,0,,[],0
1,TrueDeath,Wolf Rider,5511,2,0,8,1,0,0,0,0,2,2,false,true,true,true,false,true,true,false,false,false,0,false,false,-2,440,15,3,assault_active,assault_active,91,1812,2412,3612,5563,6763,,1,0,3,199,1,0,0,true,standard,0,0,0,0,0,0,0,0,0,0,17,16,0,0,0,0,0,0,0,0,{},{},{},true,prepared_solo,Ranger,prepared_solo-ranger-staged-r0-1,20000,false,true,"{""pressure_max"":100,""danger_unlocked_pressure"":10,""three_structures_pressure"":20,""villager_pressure"":15,""explore_poi_pressure"":10,""choose_expansion_pressure"":15,""gold_tier_thresholds"":[25,50,100],""gold_pressure_per_tier"":5,""sanctuary_pressure_per_level"":2,""sanctuary_pressure_max"":10,""online_pressure_tier_ticks"":[600,1800,3600],""online_pressure_per_tier"":5,""signs_threshold"":20,""pressure_threshold"":45,""preparing_threshold"":45,""assault_ready_threshold"":49,""signs_min_online_ticks"":600,""pressure_min_online_ticks"":1200,""preparing_min_online_ticks"":1800,""assault_ready_grace_ticks"":300,""assault_max_online_wait_ticks"":1200,""preferred_launch_window"":""dusk_or_night"",""game_ticks_per_day"":2400,""preferred_launch_start_tick"":2000,""preferred_launch_wrap_end_tick"":400,""assault_composition"":[""Wolf Rider"",""Wolf Rider"",""Goblin Pillager""],""assault_vision"":14,""fallback_spawn_min_distance"":6,""fallback_spawn_max_distance"":8,""sanctuary_spawn_min_offset_from_weak_radius"":1,""sanctuary_spawn_max_offset_from_weak_radius"":3,""neighbouring_structure_exclusion_distance"":3,""spawn_candidate_limit"":96}",1805,0,1,601,1801,3601,4801,,7,600,1200,1951,1200,,,4801,0,0,56,56,61,61,66,66,71,71,71,71,,,71,71,10,0,0,10,15,15,6,15,choose_expansion,61,80,Training Bow,0,0,2,5,2,0,0,0,0,0,0,3,120,14,148,0,0,0,0,0,0,0,0,0,0,2416,584,false,false,true,false,3,0,3,61,1,,0,0,2,0,0,0,0,0,0,0,0,0,0,false,false,false,false,false,0,1812,3612,5563,6763,3000,1200,true,true,true,4951,4800,0,0,0,0,0,0,0,,[],0
2,TrueDeath,Goblin Pillager,5783,2,0,0,0,0,0,0,0,2,2,false,true,true,true,false,true,true,false,false,false,0,false,false,-3,500,14,4,assault_active,assault_active,91,1812,2412,3612,5412,6612,,1,0,3,17,1,0,0,true,standard,0,0,0,0,0,0,0,0,0,0,33,33,0,0,0,0,0,0,0,0,{},{},{},true,prepared_solo,Mage,prepared_solo-mage-staged-r0-2,20000,false,true,"{""pressure_max"":100,""danger_unlocked_pressure"":10,""three_structures_pressure"":20,""villager_pressure"":15,""explore_poi_pressure"":10,""choose_expansion_pressure"":15,""gold_tier_thresholds"":[25,50,100],""gold_pressure_per_tier"":5,""sanctuary_pressure_per_level"":2,""sanctuary_pressure_max"":10,""online_pressure_tier_ticks"":[600,1800,3600],""online_pressure_per_tier"":5,""signs_threshold"":20,""pressure_threshold"":45,""preparing_threshold"":45,""assault_ready_threshold"":49,""signs_min_online_ticks"":600,""pressure_min_online_ticks"":1200,""preparing_min_online_ticks"":1800,""assault_ready_grace_ticks"":300,""assault_max_online_wait_ticks"":1200,""preferred_launch_window"":""dusk_or_night"",""game_ticks_per_day"":2400,""preferred_launch_start_tick"":2000,""preferred_launch_wrap_end_tick"":400,""assault_composition"":[""Wolf Rider"",""Wolf Rider"",""Goblin Pillager""],""assault_vision"":14,""fallback_spawn_min_distance"":6,""fallback_spawn_max_distance"":8,""sanctuary_spawn_min_offset_from_weak_radius"":1,""sanctuary_spawn_max_offset_from_weak_radius"":3,""neighbouring_structure_exclusion_distance"":3,""spawn_candidate_limit"":96}",1805,0,1,601,1801,3601,4801,,7,600,1200,1800,1200,,,4801,0,0,56,56,61,61,86,86,91,91,91,91,,,91,91,10,20,0,10,15,15,6,15,structures,60,60,Sharpened Stick,0,1,0,4,4,0,2,40,40,0,0,3,120,13,147,1,1,0,0,0,0,0,0,2,0,3000,0,false,true,true,false,3,0,3,122,2,,0,0,4,0,0,2,0,0,0,0,0,0,0,false,false,false,false,false,0,1812,3612,5412,6612,3000,1200,true,true,true,4800,4800,0,0,0,1,1,0,0,3670,"[""defenses""]",1
3,TrueDeath,Goblin Pillager,11799,4,0,13,1,0,0,0,0,3,2,false,true,true,false,false,true,true,false,false,false,0,false,false,-2,400,19,2,assault_active,assault_active,71,1812,2412,3612,5412,6612,,1,0,2,29,1,0,0,true,standard,0,0,0,0,0,0,0,0,0,0,36,36,0,0,0,0,0,0,0,0,{},{},{},true,fortified_solo,Warrior,fortified_solo-warrior-staged-r0-3,20000,false,true,"{""pressure_max"":100,""danger_unlocked_pressure"":10,""three_structures_pressure"":20,""villager_pressure"":15,""explore_poi_pressure"":10,""choose_expansion_pressure"":15,""gold_tier_thresholds"":[25,50,100],""gold_pressure_per_tier"":5,""sanctuary_pressure_per_level"":2,""sanctuary_pressure_max"":10,""online_pressure_tier_ticks"":[600,1800,3600],""online_pressure_per_tier"":5,""signs_threshold"":20,""pressure_threshold"":45,""preparing_threshold"":45,""assault_ready_threshold"":49,""signs_min_online_ticks"":600,""pressure_min_online_ticks"":1200,""preparing_min_online_ticks"":1800,""assault_ready_grace_ticks"":300,""assault_max_online_wait_ticks"":1200,""preferred_launch_window"":""dusk_or_night"",""game_ticks_per_day"":2400,""preferred_launch_start_tick"":2000,""preferred_launch_wrap_end_tick"":400,""assault_composition"":[""Wolf Rider"",""Wolf Rider"",""Goblin Pillager""],""assault_vision"":14,""fallback_spawn_min_distance"":6,""fallback_spawn_max_distance"":8,""sanctuary_spawn_min_offset_from_weak_radius"":1,""sanctuary_spawn_max_offset_from_weak_radius"":3,""neighbouring_structure_exclusion_distance"":3,""spawn_candidate_limit"":96}",1805,0,1,601,1801,3601,4801,,7,600,1200,1800,1200,,,4801,0,0,56,56,61,61,66,66,71,71,71,71,,,71,71,10,0,0,10,15,15,6,15,choose_expansion,106,110,Sharpened Stick,1,1,9,4,2,0,0,0,0,0,0,3,120,13,147,0,0,0,0,0,0,0,0,0,0,3000,0,false,false,true,false,3,1,2,136,2,,0,0,2,0,0,0,0,0,0,1,0,0,0,false,false,false,false,false,0,1812,3612,5412,6612,3000,1200,true,true,true,4800,4800,0,0,0,0,1,0,0,,[],0
4,TrueDeath,Wolf Rider,6047,2,0,7,0,0,0,0,0,2,2,false,true,true,true,false,true,true,false,false,false,0,false,false,-8,445,16,3,assault_active,assault_active,91,1812,2412,3612,5412,6612,,1,0,3,16,1,0,0,true,standard,0,0,0,0,0,0,0,0,0,0,24,24,0,0,0,0,0,0,0,0,{},{},{},true,fortified_solo,Ranger,fortified_solo-ranger-staged-r0-4,20000,false,true,"{""pressure_max"":100,""danger_unlocked_pressure"":10,""three_structures_pressure"":20,""villager_pressure"":15,""explore_poi_pressure"":10,""choose_expansion_pressure"":15,""gold_tier_thresholds"":[25,50,100],""gold_pressure_per_tier"":5,""sanctuary_pressure_per_level"":2,""sanctuary_pressure_max"":10,""online_pressure_tier_ticks"":[600,1800,3600],""online_pressure_per_tier"":5,""signs_threshold"":20,""pressure_threshold"":45,""preparing_threshold"":45,""assault_ready_threshold"":49,""signs_min_online_ticks"":600,""pressure_min_online_ticks"":1200,""preparing_min_online_ticks"":1800,""assault_ready_grace_ticks"":300,""assault_max_online_wait_ticks"":1200,""preferred_launch_window"":""dusk_or_night"",""game_ticks_per_day"":2400,""preferred_launch_start_tick"":2000,""preferred_launch_wrap_end_tick"":400,""assault_composition"":[""Wolf Rider"",""Wolf Rider"",""Goblin Pillager""],""assault_vision"":14,""fallback_spawn_min_distance"":6,""fallback_spawn_max_distance"":8,""sanctuary_spawn_min_offset_from_weak_radius"":1,""sanctuary_spawn_max_offset_from_weak_radius"":3,""neighbouring_structure_exclusion_distance"":3,""spawn_candidate_limit"":96}",1805,0,1,601,1801,3601,4801,,7,600,1200,1800,1200,,,4801,0,0,56,56,61,61,86,86,91,91,91,91,,,91,91,10,20,0,10,15,15,6,15,structures,80,80,Training Bow,0,1,2,4,3,0,1,20,20,0,0,3,120,14,148,0,0,0,0,0,0,0,0,0,0,3000,0,false,false,true,false,3,0,3,162,2,,0,0,3,0,0,1,0,0,0,0,0,0,0,false,false,false,false,false,0,1812,3612,5412,6612,3000,1200,true,true,true,4800,4800,0,0,0,0,1,0,0,,[],0
5,TrueDeath,Goblin Pillager,6015,2,0,2,1,0,0,0,0,2,2,false,true,false,true,false,true,true,false,false,false,0,false,false,-6,300,15,5,assault_active,assault_active,91,1812,2412,3612,5412,6612,,1,0,3,16,1,0,0,true,standard,0,0,0,0,0,0,0,0,0,0,23,23,0,0,0,0,0,0,0,0,{},{},{},true,fortified_solo,Mage,fortified_solo-mage-staged-r0-5,20000,false,true,"{""pressure_max"":100,""danger_unlocked_pressure"":10,""three_structures_pressure"":20,""villager_pressure"":15,""explore_poi_pressure"":10,""choose_expansion_pressure"":15,""gold_tier_thresholds"":[25,50,100],""gold_pressure_per_tier"":5,""sanctuary_pressure_per_level"":2,""sanctuary_pressure_max"":10,""online_pressure_tier_ticks"":[600,1800,3600],""online_pressure_per_tier"":5,""signs_threshold"":20,""pressure_threshold"":45,""preparing_threshold"":45,""assault_ready_threshold"":49,""signs_min_online_ticks"":600,""pressure_min_online_ticks"":1200,""preparing_min_online_ticks"":1800,""assault_ready_grace_ticks"":300,""assault_max_online_wait_ticks"":1200,""preferred_launch_window"":""dusk_or_night"",""game_ticks_per_day"":2400,""preferred_launch_start_tick"":2000,""preferred_launch_wrap_end_tick"":400,""assault_composition"":[""Wolf Rider"",""Wolf Rider"",""Goblin Pillager""],""assault_vision"":14,""fallback_spawn_min_distance"":6,""fallback_spawn_max_distance"":8,""sanctuary_spawn_min_offset_from_weak_radius"":1,""sanctuary_spawn_max_offset_from_weak_radius"":3,""neighbouring_structure_exclusion_distance"":3,""spawn_candidate_limit"":96}",1805,0,1,601,1801,3601,4801,,7,600,1200,1800,1200,,,4801,0,0,56,56,81,81,86,86,91,91,91,91,,,91,91,10,20,0,10,15,15,6,15,structures,36,60,Sharpened Stick,0,1,0,4,4,0,2,40,40,0,0,3,120,13,147,0,0,0,0,0,0,0,0,0,0,3000,0,false,false,true,false,3,0,3,101,2,,0,0,4,0,0,2,0,0,0,0,0,0,0,false,false,false,false,false,0,1812,3612,5412,6612,3000,1200,true,true,true,4800,4800,0,0,0,0,1,0,0,,[],0
6,TrueDeath,Wolf Rider,7095,2,0,7,2,0,0,0,0,2,2,false,true,true,true,false,true,true,false,false,false,0,false,false,-4,400,16,5,assault_active,assault_active,91,1812,2412,3612,5412,6612,,1,0,2,17,1,0,0,true,standard,0,0,0,0,0,0,0,0,0,0,27,27,0,0,0,0,0,0,0,0,{},{},{},true,no_villagers,Warrior,no_villagers-warrior-staged-r0-6,20000,false,true,"{""pressure_max"":100,""danger_unlocked_pressure"":10,""three_structures_pressure"":20,""villager_pressure"":15,""explore_poi_pressure"":10,""choose_expansion_pressure"":15,""gold_tier_thresholds"":[25,50,100],""gold_pressure_per_tier"":5,""sanctuary_pressure_per_level"":2,""sanctuary_pressure_max"":10,""online_pressure_tier_ticks"":[600,1800,3600],""online_pressure_per_tier"":5,""signs_threshold"":20,""pressure_threshold"":45,""preparing_threshold"":45,""assault_ready_threshold"":49,""signs_min_online_ticks"":600,""pressure_min_online_ticks"":1200,""preparing_min_online_ticks"":1800,""assault_ready_grace_ticks"":300,""assault_max_online_wait_ticks"":1200,""preferred_launch_window"":""dusk_or_night"",""game_ticks_per_day"":2400,""preferred_launch_start_tick"":2000,""preferred_launch_wrap_end_tick"":400,""assault_composition"":[""Wolf Rider"",""Wolf Rider"",""Goblin Pillager""],""assault_vision"":14,""fallback_spawn_min_distance"":6,""fallback_spawn_max_distance"":8,""sanctuary_spawn_min_offset_from_weak_radius"":1,""sanctuary_spawn_max_offset_from_weak_radius"":3,""neighbouring_structure_exclusion_distance"":3,""spawn_candidate_limit"":96}",1805,0,1,601,1801,3601,4801,,7,600,1200,1800,1200,,,4801,0,0,56,56,61,61,86,86,91,91,91,91,,,91,91,10,20,0,10,15,15,6,15,structures,108,110,Sharpened Stick,1,1,2,4,4,0,2,40,40,0,0,3,120,14,148,0,0,0,0,0,0,0,0,0,0,3000,0,false,false,true,false,3,1,2,203,2,,0,0,4,0,0,2,0,0,0,1,0,0,0,false,false,false,false,false,0,1812,3612,5412,6612,3000,1200,true,true,true,4800,4800,0,0,0,0,1,0,0,,[],0
7,TrueDeath,Skeleton,5695,2,0,3,0,0,0,0,0,2,2,false,true,true,true,false,true,true,false,false,false,0,false,false,-2,300,14,7,assault_active,assault_active,91,1812,2412,3612,5412,6763,,1,0,3,19,1,0,0,true,standard,0,0,0,0,0,0,0,0,0,0,20,19,0,0,0,0,0,0,0,0,{},{},{},true,no_villagers,Ranger,no_villagers-ranger-staged-r0-7,20000,false,true,"{""pressure_max"":100,""danger_unlocked_pressure"":10,""three_structures_pressure"":20,""villager_pressure"":15,""explore_poi_pressure"":10,""choose_expansion_pressure"":15,""gold_tier_thresholds"":[25,50,100],""gold_pressure_per_tier"":5,""sanctuary_pressure_per_level"":2,""sanctuary_pressure_max"":10,""online_pressure_tier_ticks"":[600,1800,3600],""online_pressure_per_tier"":5,""signs_threshold"":20,""pressure_threshold"":45,""preparing_threshold"":45,""assault_ready_threshold"":49,""signs_min_online_ticks"":600,""pressure_min_online_ticks"":1200,""preparing_min_online_ticks"":1800,""assault_ready_grace_ticks"":300,""assault_max_online_wait_ticks"":1200,""preferred_launch_window"":""dusk_or_night"",""game_ticks_per_day"":2400,""preferred_launch_start_tick"":2000,""preferred_launch_wrap_end_tick"":400,""assault_composition"":[""Wolf Rider"",""Wolf Rider"",""Goblin Pillager""],""assault_vision"":14,""fallback_spawn_min_distance"":6,""fallback_spawn_max_distance"":8,""sanctuary_spawn_min_offset_from_weak_radius"":1,""sanctuary_spawn_max_offset_from_weak_radius"":3,""neighbouring_structure_exclusion_distance"":3,""spawn_candidate_limit"":96}",1805,0,1,601,1801,3601,4801,,7,600,1200,1800,1351,,,4801,0,0,56,56,61,61,86,86,91,91,91,91,,,91,91,10,20,0,10,15,15,6,15,structures,75,80,Training Bow,0,0,2,5,7,0,5,100,100,0,0,3,120,11,137,0,0,0,0,0,0,0,0,0,0,2447,553,false,true,true,false,3,0,3,55,1,,0,0,7,0,0,5,0,0,0,0,0,0,0,false,false,false,false,false,0,1812,3612,5412,6763,3000,1200,true,true,true,4951,4800,0,0,0,0,0,1,0,5222,"[""healing""]",1
8,TrueDeath,Wolf Rider,5823,2,0,2,1,0,0,0,0,2,2,false,true,false,true,false,true,true,false,false,false,0,false,false,-4,300,15,5,assault_active,assault_active,91,1812,2412,3612,5412,6612,,1,0,3,16,1,0,0,true,standard,0,0,0,0,0,0,0,0,0,0,23,23,0,0,0,0,0,0,0,0,{},{},{},true,no_villagers,Mage,no_villagers-mage-staged-r0-8,20000,false,true,"{""pressure_max"":100,""danger_unlocked_pressure"":10,""three_structures_pressure"":20,""villager_pressure"":15,""explore_poi_pressure"":10,""choose_expansion_pressure"":15,""gold_tier_thresholds"":[25,50,100],""gold_pressure_per_tier"":5,""sanctuary_pressure_per_level"":2,""sanctuary_pressure_max"":10,""online_pressure_tier_ticks"":[600,1800,3600],""online_pressure_per_tier"":5,""signs_threshold"":20,""pressure_threshold"":45,""preparing_threshold"":45,""assault_ready_threshold"":49,""signs_min_online_ticks"":600,""pressure_min_online_ticks"":1200,""preparing_min_online_ticks"":1800,""assault_ready_grace_ticks"":300,""assault_max_online_wait_ticks"":1200,""preferred_launch_window"":""dusk_or_night"",""game_ticks_per_day"":2400,""preferred_launch_start_tick"":2000,""preferred_launch_wrap_end_tick"":400,""assault_composition"":[""Wolf Rider"",""Wolf Rider"",""Goblin Pillager""],""assault_vision"":14,""fallback_spawn_min_distance"":6,""fallback_spawn_max_distance"":8,""sanctuary_spawn_min_offset_from_weak_radius"":1,""sanctuary_spawn_max_offset_from_weak_radius"":3,""neighbouring_structure_exclusion_distance"":3,""spawn_candidate_limit"":96}",1805,0,1,601,1801,3601,4801,,7,600,1200,1800,1200,,,4801,0,0,56,56,61,61,86,86,91,91,91,91,,,91,91,10,20,0,10,15,15,6,15,structures,56,60,Sharpened Stick,0,1,2,4,4,0,2,40,40,0,0,3,120,11,145,0,0,0,0,0,0,0,0,0,0,3000,0,false,false,true,false,3,0,3,120,2,,0,0,4,0,0,2,0,0,0,0,0,0,0,false,false,false,false,false,0,1812,3612,5412,6612,3000,1200,true,true,true,4800,4800,0,0,0,0,1,0,0,,[],0
9,MaxTicks,,20007,8,0,22,3,0,0,0,0,3,1,true,true,true,true,true,true,true,true,false,false,0,false,false,72,1900,17,2,assault_active,assault_active,71,1812,2412,3612,5412,6612,,1,0,1,19,1,0,0,true,standard,0,0,0,0,0,0,0,0,0,0,8,8,0,0,0,0,0,0,0,0,{},{},{},true,villager_supported,Warrior,villager_supported-warrior-staged-r0-9,20000,true,true,"{""pressure_max"":100,""danger_unlocked_pressure"":10,""three_structures_pressure"":20,""villager_pressure"":15,""explore_poi_pressure"":10,""choose_expansion_pressure"":15,""gold_tier_thresholds"":[25,50,100],""gold_pressure_per_tier"":5,""sanctuary_pressure_per_level"":2,""sanctuary_pressure_max"":10,""online_pressure_tier_ticks"":[600,1800,3600],""online_pressure_per_tier"":5,""signs_threshold"":20,""pressure_threshold"":45,""preparing_threshold"":45,""assault_ready_threshold"":49,""signs_min_online_ticks"":600,""pressure_min_online_ticks"":1200,""preparing_min_online_ticks"":1800,""assault_ready_grace_ticks"":300,""assault_max_online_wait_ticks"":1200,""preferred_launch_window"":""dusk_or_night"",""game_ticks_per_day"":2400,""preferred_launch_start_tick"":2000,""preferred_launch_wrap_end_tick"":400,""assault_composition"":[""Wolf Rider"",""Wolf Rider"",""Goblin Pillager""],""assault_vision"":14,""fallback_spawn_min_distance"":6,""fallback_spawn_max_distance"":8,""sanctuary_spawn_min_offset_from_weak_radius"":1,""sanctuary_spawn_max_offset_from_weak_radius"":3,""neighbouring_structure_exclusion_distance"":3,""spawn_candidate_limit"":96}",1805,0,1,601,1801,3601,4801,,7,600,1200,1800,1200,,,4801,0,0,56,56,81,81,101,100,106,100,106,100,,,106,100,10,20,15,10,15,15,6,15,structures,110,110,Sharpened Stick,1,1,2,5,3,0,1,20,20,1,0,3,120,13,147,0,0,0,0,0,0,0,0,0,0,3000,0,false,false,true,false,3,2,1,62,1,,1,0,3,1,1,1,1,20,47,2,0,0,0,false,false,false,false,false,0,1812,3612,5412,6612,3000,1200,true,true,true,4800,4800,0,0,0,0,1,0,0,,[],0
10,TrueDeath,Wolf Rider,5999,2,0,0,0,0,0,0,0,3,2,false,true,false,false,false,true,true,false,false,false,0,false,false,-9,200,15,2,assault_active,assault_active,71,1812,2412,3612,5412,6612,,1,0,3,318,1,0,0,true,standard,0,0,0,0,0,0,0,0,0,0,11,11,0,0,0,0,0,0,0,0,{},{},{},true,villager_supported,Ranger,villager_supported-ranger-staged-r0-10,20000,false,true,"{""pressure_max"":100,""danger_unlocked_pressure"":10,""three_structures_pressure"":20,""villager_pressure"":15,""explore_poi_pressure"":10,""choose_expansion_pressure"":15,""gold_tier_thresholds"":[25,50,100],""gold_pressure_per_tier"":5,""sanctuary_pressure_per_level"":2,""sanctuary_pressure_max"":10,""online_pressure_tier_ticks"":[600,1800,3600],""online_pressure_per_tier"":5,""signs_threshold"":20,""pressure_threshold"":45,""preparing_threshold"":45,""assault_ready_threshold"":49,""signs_min_online_ticks"":600,""pressure_min_online_ticks"":1200,""preparing_min_online_ticks"":1800,""assault_ready_grace_ticks"":300,""assault_max_online_wait_ticks"":1200,""preferred_launch_window"":""dusk_or_night"",""game_ticks_per_day"":2400,""preferred_launch_start_tick"":2000,""preferred_launch_wrap_end_tick"":400,""assault_composition"":[""Wolf Rider"",""Wolf Rider"",""Goblin Pillager""],""assault_vision"":14,""fallback_spawn_min_distance"":6,""fallback_spawn_max_distance"":8,""sanctuary_spawn_min_offset_from_weak_radius"":1,""sanctuary_spawn_max_offset_from_weak_radius"":3,""neighbouring_structure_exclusion_distance"":3,""spawn_candidate_limit"":96}",1805,0,1,601,1801,3601,4801,,7,600,1200,1800,1200,,,4801,0,0,56,56,61,61,66,66,71,71,71,71,,,71,71,10,0,0,10,15,15,6,15,choose_expansion,36,80,Training Bow,0,0,6,5,2,0,0,0,0,0,0,3,120,7,141,0,0,0,0,0,0,0,0,2,0,2400,600,false,true,true,false,3,0,3,91,2,,0,0,2,0,0,0,0,0,0,0,0,0,0,false,false,false,false,false,0,1812,3612,5412,6612,3000,1200,true,true,true,4800,4800,0,0,0,0,0,1,0,3646,"[""healing""]",1
11,TrueDeath,Wolf Rider,5999,2,0,0,0,0,0,0,0,3,2,true,true,true,true,true,true,true,false,false,false,0,false,false,-9,700,16,6,assault_active,assault_active,100,1812,2412,3612,5412,6612,,1,0,3,15,1,0,0,true,standard,0,0,0,0,0,0,0,0,0,0,33,33,0,0,0,0,0,0,0,0,{},{},{},true,villager_supported,Mage,villager_supported-mage-staged-r0-11,20000,false,true,"{""pressure_max"":100,""danger_unlocked_pressure"":10,""three_structures_pressure"":20,""villager_pressure"":15,""explore_poi_pressure"":10,""choose_expansion_pressure"":15,""gold_tier_thresholds"":[25,50,100],""gold_pressure_per_tier"":5,""sanctuary_pressure_per_level"":2,""sanctuary_pressure_max"":10,""online_pressure_tier_ticks"":[600,1800,3600],""online_pressure_per_tier"":5,""signs_threshold"":20,""pressure_threshold"":45,""preparing_threshold"":45,""assault_ready_threshold"":49,""signs_min_online_ticks"":600,""pressure_min_online_ticks"":1200,""preparing_min_online_ticks"":1800,""assault_ready_grace_ticks"":300,""assault_max_online_wait_ticks"":1200,""preferred_launch_window"":""dusk_or_night"",""game_ticks_per_day"":2400,""preferred_launch_start_tick"":2000,""preferred_launch_wrap_end_tick"":400,""assault_composition"":[""Wolf Rider"",""Wolf Rider"",""Goblin Pillager""],""assault_vision"":14,""fallback_spawn_min_distance"":6,""fallback_spawn_max_distance"":8,""sanctuary_spawn_min_offset_from_weak_radius"":1,""sanctuary_spawn_max_offset_from_weak_radius"":3,""neighbouring_structure_exclusion_distance"":3,""spawn_candidate_limit"":96}",1805,0,1,601,1801,3601,4801,,7,600,1200,1800,1200,,,4801,0,0,56,56,81,81,101,100,106,100,106,100,,,106,100,10,20,15,10,15,15,6,15,structures,60,60,Sharpened Stick,0,2,6,4,7,0,5,100,100,1,0,3,120,143,270,0,0,0,0,0,0,0,0,112,119,3000,0,false,true,true,false,3,0,3,117,2,,1,0,7,2,1,5,1,37,26,0,0,0,0,false,false,false,false,false,0,1812,3612,5412,6612,3000,1200,true,true,true,4800,4800,0,0,0,0,2,0,0,4212,[],0
12,TrueDeath,Wolf Rider,7011,2,0,7,0,0,0,0,0,2,2,false,true,true,true,false,true,true,false,false,false,0,false,false,-7,700,15,4,assault_active,assault_active,91,1812,2412,3612,5412,6612,,1,0,3,17,2,0,0,true,standard,0,0,0,0,0,0,0,0,1,1,43,42,0,0,0,0,0,0,0,0,{},{},{},true,ordinary_disconnect,Warrior,ordinary_disconnect-warrior-staged-r0-12,20000,false,true,"{""pressure_max"":100,""danger_unlocked_pressure"":10,""three_structures_pressure"":20,""villager_pressure"":15,""explore_poi_pressure"":10,""choose_expansion_pressure"":15,""gold_tier_thresholds"":[25,50,100],""gold_pressure_per_tier"":5,""sanctuary_pressure_per_level"":2,""sanctuary_pressure_max"":10,""online_pressure_tier_ticks"":[600,1800,3600],""online_pressure_per_tier"":5,""signs_threshold"":20,""pressure_threshold"":45,""preparing_threshold"":45,""assault_ready_threshold"":49,""signs_min_online_ticks"":600,""pressure_min_online_ticks"":1200,""preparing_min_online_ticks"":1800,""assault_ready_grace_ticks"":300,""assault_max_online_wait_ticks"":1200,""preferred_launch_window"":""dusk_or_night"",""game_ticks_per_day"":2400,""preferred_launch_start_tick"":2000,""preferred_launch_wrap_end_tick"":400,""assault_composition"":[""Wolf Rider"",""Wolf Rider"",""Goblin Pillager""],""assault_vision"":14,""fallback_spawn_min_distance"":6,""fallback_spawn_max_distance"":8,""sanctuary_spawn_min_offset_from_weak_radius"":1,""sanctuary_spawn_max_offset_from_weak_radius"":3,""neighbouring_structure_exclusion_distance"":3,""spawn_candidate_limit"":96}",1805,0,1,601,1801,3601,4801,,7,600,1200,1800,1200,,,4801,0,0,56,56,81,81,86,86,91,91,91,91,,,91,91,10,20,0,10,15,15,6,15,structures,105,110,Sharpened Stick,1,1,6,4,4,0,2,40,40,0,0,3,120,13,147,0,0,0,0,0,0,0,0,4,0,3000,0,false,true,true,false,3,0,3,132,2,,0,0,4,0,0,2,0,0,0,0,0,0,0,true,true,false,false,false,0,1812,3612,5412,6612,3000,1200,true,true,true,4800,4800,0,0,0,0,1,0,0,4812,[],0
13,TrueDeath,Wolf Rider,6003,2,0,7,0,0,0,0,0,2,2,false,true,true,false,false,true,true,false,false,false,0,false,false,-2,245,17,2,assault_active,assault_active,71,1812,2412,3612,5412,6612,,1,0,3,37,2,0,0,true,standard,0,0,0,0,0,0,0,0,1,1,38,37,0,0,0,0,0,0,0,0,{},{},{},true,ordinary_disconnect,Ranger,ordinary_disconnect-ranger-staged-r0-13,20000,false,true,"{""pressure_max"":100,""danger_unlocked_pressure"":10,""three_structures_pressure"":20,""villager_pressure"":15,""explore_poi_pressure"":10,""choose_expansion_pressure"":15,""gold_tier_thresholds"":[25,50,100],""gold_pressure_per_tier"":5,""sanctuary_pressure_per_level"":2,""sanctuary_pressure_max"":10,""online_pressure_tier_ticks"":[600,1800,3600],""online_pressure_per_tier"":5,""signs_threshold"":20,""pressure_threshold"":45,""preparing_threshold"":45,""assault_ready_threshold"":49,""signs_min_online_ticks"":600,""pressure_min_online_ticks"":1200,""preparing_min_online_ticks"":1800,""assault_ready_grace_ticks"":300,""assault_max_online_wait_ticks"":1200,""preferred_launch_window"":""dusk_or_night"",""game_ticks_per_day"":2400,""preferred_launch_start_tick"":2000,""preferred_launch_wrap_end_tick"":400,""assault_composition"":[""Wolf Rider"",""Wolf Rider"",""Goblin Pillager""],""assault_vision"":14,""fallback_spawn_min_distance"":6,""fallback_spawn_max_distance"":8,""sanctuary_spawn_min_offset_from_weak_radius"":1,""sanctuary_spawn_max_offset_from_weak_radius"":3,""neighbouring_structure_exclusion_distance"":3,""spawn_candidate_limit"":96}",1805,0,1,601,1801,3601,4801,,7,600,1200,1800,1200,,,4801,0,0,56,56,61,61,66,66,71,71,71,71,,,71,71,10,0,0,10,15,15,6,15,choose_expansion,37,80,Training Bow,0,1,9,5,2,0,0,0,0,0,0,3,120,7,141,0,0,0,0,0,0,0,0,9,0,3000,0,false,true,true,false,3,0,3,118,2,,0,0,2,0,0,0,0,0,0,0,0,0,0,true,true,false,false,false,0,1812,3612,5412,6612,3000,1200,true,true,true,4800,4800,0,0,0,0,1,0,0,4212,[],0
14,TrueDeath,Wolf Rider,5747,2,0,0,0,0,0,0,0,2,2,false,true,true,true,false,true,true,false,false,false,0,false,false,-4,300,15,3,assault_active,assault_active,91,1812,2412,3612,5412,6612,,1,0,2,18,2,0,0,true,standard,0,0,0,0,0,0,0,0,1,1,33,33,0,0,0,0,0,0,0,0,{},{},{},true,ordinary_disconnect,Mage,ordinary_disconnect-mage-staged-r0-14,20000,false,true,"{""pressure_max"":100,""danger_unlocked_pressure"":10,""three_structures_pressure"":20,""villager_pressure"":15,""explore_poi_pressure"":10,""choose_expansion_pressure"":15,""gold_tier_thresholds"":[25,50,100],""gold_pressure_per_tier"":5,""sanctuary_pressure_per_level"":2,""sanctuary_pressure_max"":10,""online_pressure_tier_ticks"":[600,1800,3600],""online_pressure_per_tier"":5,""signs_threshold"":20,""pressure_threshold"":45,""preparing_threshold"":45,""assault_ready_threshold"":49,""signs_min_online_ticks"":600,""pressure_min_online_ticks"":1200,""preparing_min_online_ticks"":1800,""assault_ready_grace_ticks"":300,""assault_max_online_wait_ticks"":1200,""preferred_launch_window"":""dusk_or_night"",""game_ticks_per_day"":2400,""preferred_launch_start_tick"":2000,""preferred_launch_wrap_end_tick"":400,""assault_composition"":[""Wolf Rider"",""Wolf Rider"",""Goblin Pillager""],""assault_vision"":14,""fallback_spawn_min_distance"":6,""fallback_spawn_max_distance"":8,""sanctuary_spawn_min_offset_from_weak_radius"":1,""sanctuary_spawn_max_offset_from_weak_radius"":3,""neighbouring_structure_exclusion_distance"":3,""spawn_candidate_limit"":96}",1805,0,1,601,1801,3601,4801,,7,600,1200,1800,1200,,,4801,0,0,56,56,81,81,86,86,91,91,91,91,,,91,91,10,20,0,10,15,15,6,15,structures,60,60,Sharpened Stick,0,1,2,4,3,0,1,20,20,0,0,3,120,11,145,0,0,0,0,0,0,0,0,0,0,3000,0,false,false,true,false,3,1,2,120,2,,0,0,3,0,0,1,0,0,0,1,0,0,0,true,true,false,false,false,0,1812,3612,5412,6612,3000,1200,true,true,true,4800,4800,0,0,0,0,1,0,0,,[],0
15,TrueDeath,Wolf,7597,3,0,8,1,0,0,0,0,2,2,false,true,true,false,false,true,true,false,false,false,0,false,false,-7,800,19,2,assault_active,assault_active,71,1812,2412,3612,5412,6800,,1,0,2,33,2,0,0,true,standard,1,1,0,0,1,1,1,258,0,0,54,53,0,0,0,0,0,0,1,0,{},{},{},true,safe_logout_before_assault,Warrior,safe_logout_before_assault-warrior-staged-r0-15,20000,false,true,"{""pressure_max"":100,""danger_unlocked_pressure"":10,""three_structures_pressure"":20,""villager_pressure"":15,""explore_poi_pressure"":10,""choose_expansion_pressure"":15,""gold_tier_thresholds"":[25,50,100],""gold_pressure_per_tier"":5,""sanctuary_pressure_per_level"":2,""sanctuary_pressure_max"":10,""online_pressure_tier_ticks"":[600,1800,3600],""online_pressure_per_tier"":5,""signs_threshold"":20,""pressure_threshold"":45,""preparing_threshold"":45,""assault_ready_threshold"":49,""signs_min_online_ticks"":600,""pressure_min_online_ticks"":1200,""preparing_min_online_ticks"":1800,""assault_ready_grace_ticks"":300,""assault_max_online_wait_ticks"":1200,""preferred_launch_window"":""dusk_or_night"",""game_ticks_per_day"":2400,""preferred_launch_start_tick"":2000,""preferred_launch_wrap_end_tick"":400,""assault_composition"":[""Wolf Rider"",""Wolf Rider"",""Goblin Pillager""],""assault_vision"":14,""fallback_spawn_min_distance"":6,""fallback_spawn_max_distance"":8,""sanctuary_spawn_min_offset_from_weak_radius"":1,""sanctuary_spawn_max_offset_from_weak_radius"":3,""neighbouring_structure_exclusion_distance"":3,""spawn_candidate_limit"":96}",1805,0,1,601,1801,3601,4731,,7,600,1200,1800,1388,,,4731,0,0,56,56,61,61,66,66,71,71,71,71,,,71,71,10,0,0,10,15,15,6,15,choose_expansion,108,110,Sharpened Stick,1,1,5,4,2,0,0,0,0,0,0,3,120,14,148,0,0,0,0,0,0,0,0,7,0,2930,0,false,true,true,false,3,1,2,160,2,,0,0,2,0,0,0,0,0,0,1,0,0,0,false,false,false,true,false,0,1812,3612,5412,6800,2930,1130,true,true,true,4988,4730,0,0,0,0,1,0,0,4212,[],0
16,TrueDeath,Wolf Rider,5901,2,0,0,0,0,0,0,0,2,2,false,true,false,true,false,true,true,false,false,false,0,false,false,-8,400,15,3,assault_active,assault_active,71,1812,2412,3612,5563,6800,,1,0,3,93,2,0,0,true,standard,1,1,0,0,1,1,1,258,0,0,30,28,0,0,0,0,0,0,1,0,{},{},{},true,safe_logout_before_assault,Ranger,safe_logout_before_assault-ranger-staged-r0-16,20000,false,true,"{""pressure_max"":100,""danger_unlocked_pressure"":10,""three_structures_pressure"":20,""villager_pressure"":15,""explore_poi_pressure"":10,""choose_expansion_pressure"":15,""gold_tier_thresholds"":[25,50,100],""gold_pressure_per_tier"":5,""sanctuary_pressure_per_level"":2,""sanctuary_pressure_max"":10,""online_pressure_tier_ticks"":[600,1800,3600],""online_pressure_per_tier"":5,""signs_threshold"":20,""pressure_threshold"":45,""preparing_threshold"":45,""assault_ready_threshold"":49,""signs_min_online_ticks"":600,""pressure_min_online_ticks"":1200,""preparing_min_online_ticks"":1800,""assault_ready_grace_ticks"":300,""assault_max_online_wait_ticks"":1200,""preferred_launch_window"":""dusk_or_night"",""game_ticks_per_day"":2400,""preferred_launch_start_tick"":2000,""preferred_launch_wrap_end_tick"":400,""assault_composition"":[""Wolf Rider"",""Wolf Rider"",""Goblin Pillager""],""assault_vision"":14,""fallback_spawn_min_distance"":6,""fallback_spawn_max_distance"":8,""sanctuary_spawn_min_offset_from_weak_radius"":1,""sanctuary_spawn_max_offset_from_weak_radius"":3,""neighbouring_structure_exclusion_distance"":3,""spawn_candidate_limit"":96}",1805,0,1,601,1801,3601,4580,,7,600,1200,1951,1237,,,4580,0,0,56,56,61,61,66,66,71,71,71,71,,,71,71,10,0,0,10,15,15,6,15,choose_expansion,51,80,Training Bow,0,0,2,5,2,1,0,0,0,0,0,3,120,14,148,0,0,0,0,0,0,0,0,0,0,2779,0,true,false,true,false,3,0,3,51,1,,0,0,2,0,0,0,0,0,0,0,0,0,0,false,false,false,true,false,0,1812,3612,5563,6800,2779,979,false,true,true,4988,4579,0,0,0,0,0,0,0,,[],0
17,TrueDeath,Goblin Pillager,5669,2,0,0,0,0,0,0,0,2,2,false,true,true,true,false,true,true,false,false,false,0,false,false,0,400,16,5,assault_active,assault_active,91,1812,2412,3612,5412,6800,,1,0,3,17,2,0,0,true,standard,1,1,0,0,1,1,1,258,0,0,42,41,0,0,0,0,0,0,1,0,{},{},{},true,safe_logout_before_assault,Mage,safe_logout_before_assault-mage-staged-r0-17,20000,false,true,"{""pressure_max"":100,""danger_unlocked_pressure"":10,""three_structures_pressure"":20,""villager_pressure"":15,""explore_poi_pressure"":10,""choose_expansion_pressure"":15,""gold_tier_thresholds"":[25,50,100],""gold_pressure_per_tier"":5,""sanctuary_pressure_per_level"":2,""sanctuary_pressure_max"":10,""online_pressure_tier_ticks"":[600,1800,3600],""online_pressure_per_tier"":5,""signs_threshold"":20,""pressure_threshold"":45,""preparing_threshold"":45,""assault_ready_threshold"":49,""signs_min_online_ticks"":600,""pressure_min_online_ticks"":1200,""preparing_min_online_ticks"":1800,""assault_ready_grace_ticks"":300,""assault_max_online_wait_ticks"":1200,""preferred_launch_window"":""dusk_or_night"",""game_ticks_per_day"":2400,""preferred_launch_start_tick"":2000,""preferred_launch_wrap_end_tick"":400,""assault_composition"":[""Wolf Rider"",""Wolf Rider"",""Goblin Pillager""],""assault_vision"":14,""fallback_spawn_min_distance"":6,""fallback_spawn_max_distance"":8,""sanctuary_spawn_min_offset_from_weak_radius"":1,""sanctuary_spawn_max_offset_from_weak_radius"":3,""neighbouring_structure_exclusion_distance"":3,""spawn_candidate_limit"":96}",1805,0,1,601,1801,3601,4731,,7,600,1200,1800,1388,,,4731,0,0,56,56,61,61,86,86,91,91,91,91,,,91,91,10,20,0,10,15,15,6,15,structures,60,60,Sharpened Stick,0,1,2,4,4,1,2,40,40,0,0,3,120,14,148,0,0,0,0,0,0,0,0,5,0,2930,0,false,true,true,false,3,0,3,114,2,,0,0,4,0,0,2,0,0,0,0,0,0,0,false,false,false,true,false,0,1812,3612,5412,6800,2930,1130,true,true,true,4988,4730,0,0,0,0,1,0,0,4212,[],0
18,TrueDeath,Wolf,6959,2,0,7,0,0,0,0,0,2,2,false,true,true,false,false,true,true,false,false,false,0,false,false,0,100,15,2,assault_active,assault_active,71,1812,2412,3612,5412,6612,,1,0,3,301,1,0,0,true,standard,0,0,0,0,0,0,0,0,0,0,40,40,0,0,0,0,0,0,0,0,{},{},{},true,helper_supported,Warrior,helper_supported-warrior-staged-r0-18,20000,false,true,"{""pressure_max"":100,""danger_unlocked_pressure"":10,""three_structures_pressure"":20,""villager_pressure"":15,""explore_poi_pressure"":10,""choose_expansion_pressure"":15,""gold_tier_thresholds"":[25,50,100],""gold_pressure_per_tier"":5,""sanctuary_pressure_per_level"":2,""sanctuary_pressure_max"":10,""online_pressure_tier_ticks"":[600,1800,3600],""online_pressure_per_tier"":5,""signs_threshold"":20,""pressure_threshold"":45,""preparing_threshold"":45,""assault_ready_threshold"":49,""signs_min_online_ticks"":600,""pressure_min_online_ticks"":1200,""preparing_min_online_ticks"":1800,""assault_ready_grace_ticks"":300,""assault_max_online_wait_ticks"":1200,""preferred_launch_window"":""dusk_or_night"",""game_ticks_per_day"":2400,""preferred_launch_start_tick"":2000,""preferred_launch_wrap_end_tick"":400,""assault_composition"":[""Wolf Rider"",""Wolf Rider"",""Goblin Pillager""],""assault_vision"":14,""fallback_spawn_min_distance"":6,""fallback_spawn_max_distance"":8,""sanctuary_spawn_min_offset_from_weak_radius"":1,""sanctuary_spawn_max_offset_from_weak_radius"":3,""neighbouring_structure_exclusion_distance"":3,""spawn_candidate_limit"":96}",1805,0,1,601,1801,3601,4801,,7,600,1200,1800,1200,,,4801,0,0,56,56,61,61,66,66,71,71,71,71,,,71,71,10,0,0,10,15,15,6,15,choose_expansion,107,110,Sharpened Stick,1,1,3,4,2,0,0,0,0,0,0,3,120,7,141,0,0,0,0,0,0,0,0,0,0,3000,0,false,false,true,false,3,0,3,194,2,,0,0,2,0,0,0,0,0,0,0,0,0,0,false,false,false,false,false,0,1812,3612,5412,6612,3000,1200,true,true,true,4800,4800,0,0,0,0,1,0,0,,[],0
19,TrueDeath,Cave Bat,6815,2,0,8,1,0,0,0,0,2,2,false,true,true,true,false,true,true,false,false,false,0,false,false,0,440,15,3,assault_active,assault_active,91,1812,2412,3612,5412,6612,,1,0,2,17,1,0,0,true,standard,0,0,0,0,0,0,0,0,0,0,28,28,0,0,0,0,0,0,0,0,{},{},{},true,helper_supported,Ranger,helper_supported-ranger-staged-r0-19,20000,false,true,"{""pressure_max"":100,""danger_unlocked_pressure"":10,""three_structures_pressure"":20,""villager_pressure"":15,""explore_poi_pressure"":10,""choose_expansion_pressure"":15,""gold_tier_thresholds"":[25,50,100],""gold_pressure_per_tier"":5,""sanctuary_pressure_per_level"":2,""sanctuary_pressure_max"":10,""online_pressure_tier_ticks"":[600,1800,3600],""online_pressure_per_tier"":5,""signs_threshold"":20,""pressure_threshold"":45,""preparing_threshold"":45,""assault_ready_threshold"":49,""signs_min_online_ticks"":600,""pressure_min_online_ticks"":1200,""preparing_min_online_ticks"":1800,""assault_ready_grace_ticks"":300,""assault_max_online_wait_ticks"":1200,""preferred_launch_window"":""dusk_or_night"",""game_ticks_per_day"":2400,""preferred_launch_start_tick"":2000,""preferred_launch_wrap_end_tick"":400,""assault_composition"":[""Wolf Rider"",""Wolf Rider"",""Goblin Pillager""],""assault_vision"":14,""fallback_spawn_min_distance"":6,""fallback_spawn_max_distance"":8,""sanctuary_spawn_min_offset_from_weak_radius"":1,""sanctuary_spawn_max_offset_from_weak_radius"":3,""neighbouring_structure_exclusion_distance"":3,""spawn_candidate_limit"":96}",1805,0,1,601,1801,3601,4801,,7,600,1200,1800,1200,,,4801,0,0,56,56,81,81,86,86,91,91,91,91,,,91,91,10,20,0,10,15,15,6,15,structures,80,80,Training Bow,0,1,0,4,3,0,1,20,20,0,0,3,120,13,147,0,0,0,0,0,0,0,0,0,0,3000,0,false,false,true,false,3,1,2,149,2,,0,0,3,0,0,1,0,0,0,1,0,0,0,false,false,false,false,false,0,1812,3612,5412,6612,3000,1200,true,true,true,4800,4800,0,0,0,0,1,0,0,,[],0
20,TrueDeath,Goblin Pillager,5791,2,0,0,0,0,0,0,0,2,2,false,true,true,true,false,true,true,false,false,false,0,false,false,-9,300,15,3,assault_active,assault_active,91,1812,2412,3612,5412,6612,,1,0,3,16,1,0,0,true,standard,0,0,0,0,0,0,0,0,0,0,31,31,0,0,0,0,0,0,0,0,{},{},{},true,helper_supported,Mage,helper_supported-mage-staged-r0-20,20000,false,true,"{""pressure_max"":100,""danger_unlocked_pressure"":10,""three_structures_pressure"":20,""villager_pressure"":15,""explore_poi_pressure"":10,""choose_expansion_pressure"":15,""gold_tier_thresholds"":[25,50,100],""gold_pressure_per_tier"":5,""sanctuary_pressure_per_level"":2,""sanctuary_pressure_max"":10,""online_pressure_tier_ticks"":[600,1800,3600],""online_pressure_per_tier"":5,""signs_threshold"":20,""pressure_threshold"":45,""preparing_threshold"":45,""assault_ready_threshold"":49,""signs_min_online_ticks"":600,""pressure_min_online_ticks"":1200,""preparing_min_online_ticks"":1800,""assault_ready_grace_ticks"":300,""assault_max_online_wait_ticks"":1200,""preferred_launch_window"":""dusk_or_night"",""game_ticks_per_day"":2400,""preferred_launch_start_tick"":2000,""preferred_launch_wrap_end_tick"":400,""assault_composition"":[""Wolf Rider"",""Wolf Rider"",""Goblin Pillager""],""assault_vision"":14,""fallback_spawn_min_distance"":6,""fallback_spawn_max_distance"":8,""sanctuary_spawn_min_offset_from_weak_radius"":1,""sanctuary_spawn_max_offset_from_weak_radius"":3,""neighbouring_structure_exclusion_distance"":3,""spawn_candidate_limit"":96}",1805,0,1,601,1801,3601,4801,,7,600,1200,1800,1200,,,4801,0,0,56,56,81,81,86,86,91,91,91,91,,,91,91,10,20,0,10,15,15,6,15,structures,60,60,Sharpened Stick,0,1,0,4,5,0,3,60,60,0,0,3,120,13,147,0,0,0,0,0,0,0,0,5,0,3000,0,false,true,true,false,3,0,3,126,2,,0,0,5,2,2,3,2,40,0,0,0,0,0,false,false,false,false,false,0,1812,3612,5412,6612,3000,1200,true,true,true,4800,4800,0,0,0,0,1,0,0,4212,[],0
21,TrueDeath,Zombie,8279,3,0,11,0,0,0,0,0,2,2,false,true,true,false,false,false,false,false,false,false,0,false,false,0,300,14,2,signs,signs,20,8410,,,,,,0,0,0,4,1,0,0,true,standard,0,0,0,0,0,0,0,0,0,0,53,53,0,0,0,0,0,0,0,0,{},{},{},true,passive,Warrior,passive-warrior-natural-r0-21,20000,false,false,"{""pressure_max"":100,""danger_unlocked_pressure"":10,""three_structures_pressure"":20,""villager_pressure"":15,""explore_poi_pressure"":10,""choose_expansion_pressure"":15,""gold_tier_thresholds"":[25,50,100],""gold_pressure_per_tier"":5,""sanctuary_pressure_per_level"":2,""sanctuary_pressure_max"":10,""online_pressure_tier_ticks"":[600,1800,3600],""online_pressure_per_tier"":5,""signs_threshold"":20,""pressure_threshold"":45,""preparing_threshold"":45,""assault_ready_threshold"":49,""signs_min_online_ticks"":600,""pressure_min_online_ticks"":1200,""preparing_min_online_ticks"":1800,""assault_ready_grace_ticks"":300,""assault_max_online_wait_ticks"":1200,""preferred_launch_window"":""dusk_or_night"",""game_ticks_per_day"":2400,""preferred_launch_start_tick"":2000,""preferred_launch_wrap_end_tick"":400,""assault_composition"":[""Wolf Rider"",""Wolf Rider"",""Goblin Pillager""],""assault_vision"":14,""fallback_spawn_min_distance"":6,""fallback_spawn_max_distance"":8,""sanctuary_spawn_min_offset_from_weak_radius"":1,""sanctuary_spawn_max_offset_from_weak_radius"":3,""neighbouring_structure_exclusion_distance"":3,""spawn_candidate_limit"":96}",1805,0,1800,,,,,,6605,,,,,,,,0,0,20,20,,,,,,,,,,,20,20,10,0,0,0,0,0,0,10,danger_unlocked,0,110,Sharpened Stick,1,0,0,4,2,0,0,0,0,0,0,0,20,12,46,0,0,0,0,0,0,0,0,0,0,0,0,true,false,false,false,0,0,0,0,0,,0,0,0,0,0,0,0,0,0,0,0,0,0,false,false,false,false,false,0,8410,,,,,,,,,,,0,0,0,0,0,0,0,,[],0
22,MaxTicks,,20007,8,0,23,0,0,0,0,0,2,0,false,true,true,false,false,false,false,true,false,false,0,false,false,69,565,14,2,signs,signs,25,8410,,,,,,0,0,0,5,1,0,0,true,standard,0,0,0,0,0,0,0,0,0,0,41,41,0,0,0,0,0,0,0,0,{},{},{},true,passive,Ranger,passive-ranger-natural-r0-22,20000,true,false,"{""pressure_max"":100,""danger_unlocked_pressure"":10,""three_structures_pressure"":20,""villager_pressure"":15,""explore_poi_pressure"":10,""choose_expansion_pressure"":15,""gold_tier_thresholds"":[25,50,100],""gold_pressure_per_tier"":5,""sanctuary_pressure_per_level"":2,""sanctuary_pressure_max"":10,""online_pressure_tier_ticks"":[600,1800,3600],""online_pressure_per_tier"":5,""signs_threshold"":20,""pressure_threshold"":45,""preparing_threshold"":45,""assault_ready_threshold"":49,""signs_min_online_ticks"":600,""pressure_min_online_ticks"":1200,""preparing_min_online_ticks"":1800,""assault_ready_grace_ticks"":300,""assault_max_online_wait_ticks"":1200,""preferred_launch_window"":""dusk_or_night"",""game_ticks_per_day"":2400,""preferred_launch_start_tick"":2000,""preferred_launch_wrap_end_tick"":400,""assault_composition"":[""Wolf Rider"",""Wolf Rider"",""Goblin Pillager""],""assault_vision"":14,""fallback_spawn_min_distance"":6,""fallback_spawn_max_distance"":8,""sanctuary_spawn_min_offset_from_weak_radius"":1,""sanctuary_spawn_max_offset_from_weak_radius"":3,""neighbouring_structure_exclusion_distance"":3,""spawn_candidate_limit"":96}",1805,0,1800,,,,,,6605,,,,,,,,0,0,20,20,,,,,,,,,,,25,25,10,0,0,0,0,0,0,15,online_time,69,80,Training Bow,0,0,0,3,2,0,0,0,0,0,0,0,20,16,50,0,0,0,0,0,0,0,0,0,0,0,0,false,false,false,false,0,0,0,0,0,,0,0,0,0,0,0,0,0,0,0,0,0,0,false,false,false,false,false,0,8410,,,,,,,,,,,0,0,0,0,0,0,0,,[],0
23,MaxTicks,,20007,8,0,0,0,0,0,0,0,2,0,false,true,true,false,false,false,false,true,false,false,0,false,false,57,600,16,2,signs,signs,25,8410,,,,,,0,0,0,5,1,0,0,true,standard,0,0,0,0,0,0,0,0,0,0,75,73,0,0,0,0,0,0,0,0,{},{},{},true,passive,Mage,passive-mage-natural-r0-23,20000,true,false,"{""pressure_max"":100,""danger_unlocked_pressure"":10,""three_structures_pressure"":20,""villager_pressure"":15,""explore_poi_pressure"":10,""choose_expansion_pressure"":15,""gold_tier_thresholds"":[25,50,100],""gold_pressure_per_tier"":5,""sanctuary_pressure_per_level"":2,""sanctuary_pressure_max"":10,""online_pressure_tier_ticks"":[600,1800,3600],""online_pressure_per_tier"":5,""signs_threshold"":20,""pressure_threshold"":45,""preparing_threshold"":45,""assault_ready_threshold"":49,""signs_min_online_ticks"":600,""pressure_min_online_ticks"":1200,""preparing_min_online_ticks"":1800,""assault_ready_grace_ticks"":300,""assault_max_online_wait_ticks"":1200,""preferred_launch_window"":""dusk_or_night"",""game_ticks_per_day"":2400,""preferred_launch_start_tick"":2000,""preferred_launch_wrap_end_tick"":400,""assault_composition"":[""Wolf Rider"",""Wolf Rider"",""Goblin Pillager""],""assault_vision"":14,""fallback_spawn_min_distance"":6,""fallback_spawn_max_distance"":8,""sanctuary_spawn_min_offset_from_weak_radius"":1,""sanctuary_spawn_max_offset_from_weak_radius"":3,""neighbouring_structure_exclusion_distance"":3,""spawn_candidate_limit"":96}",1805,0,1800,,,,,,6605,,,,,,,,0,0,20,20,,,,,,,,,,,25,25,10,0,0,0,0,0,0,15,online_time,57,60,Sharpened Stick,0,1,0,2,2,0,0,0,0,0,0,0,20,11,40,0,0,0,0,0,0,0,0,0,0,0,0,true,false,false,false,0,0,0,0,0,,0,0,0,0,0,0,0,0,0,0,0,0,0,false,false,false,false,false,0,8410,,,,,,,,,,,0,0,0,0,0,0,0,,[],0
24,TrueDeath,Wolf,14191,5,0,20,0,0,0,0,0,3,2,false,true,true,false,false,false,false,true,false,false,0,false,false,-5,1700,17,2,signs,signs,25,8410,,,,,,0,0,0,5,1,0,0,true,standard,0,0,0,0,0,0,0,0,0,0,75,75,0,0,0,0,0,0,0,0,{},{},{},true,basic_survival,Warrior,basic_survival-warrior-natural-r0-24,20000,false,false,"{""pressure_max"":100,""danger_unlocked_pressure"":10,""three_structures_pressure"":20,""villager_pressure"":15,""explore_poi_pressure"":10,""choose_expansion_pressure"":15,""gold_tier_thresholds"":[25,50,100],""gold_pressure_per_tier"":5,""sanctuary_pressure_per_level"":2,""sanctuary_pressure_max"":10,""online_pressure_tier_ticks"":[600,1800,3600],""online_pressure_per_tier"":5,""signs_threshold"":20,""pressure_threshold"":45,""preparing_threshold"":45,""assault_ready_threshold"":49,""signs_min_online_ticks"":600,""pressure_min_online_ticks"":1200,""preparing_min_online_ticks"":1800,""assault_ready_grace_ticks"":300,""assault_max_online_wait_ticks"":1200,""preferred_launch_window"":""dusk_or_night"",""game_ticks_per_day"":2400,""preferred_launch_start_tick"":2000,""preferred_launch_wrap_end_tick"":400,""assault_composition"":[""Wolf Rider"",""Wolf Rider"",""Goblin Pillager""],""assault_vision"":14,""fallback_spawn_min_distance"":6,""fallback_spawn_max_distance"":8,""sanctuary_spawn_min_offset_from_weak_radius"":1,""sanctuary_spawn_max_offset_from_weak_radius"":3,""neighbouring_structure_exclusion_distance"":3,""spawn_candidate_limit"":96}",1805,0,1800,,,,,,6605,,,,,,,,0,0,20,20,,,,,,,,,,,25,25,10,0,0,0,0,0,0,15,online_time,-5,110,Sharpened Stick,1,0,52,3,2,0,0,0,0,0,0,0,20,22,51,0,0,0,0,0,0,0,0,0,0,0,0,true,false,false,false,0,0,0,0,0,,0,0,0,0,0,0,0,0,0,0,0,0,0,false,false,false,false,false,0,8410,,,,,,,,,,,0,0,0,0,0,0,0,,[],0
25,TrueDeath,Wolf,4231,1,0,4,1,0,0,0,0,1,2,false,true,true,false,false,false,false,false,false,false,0,false,false,-2,400,14,2,dormant,dormant,0,,,,,,,0,0,0,1,1,0,0,true,standard,0,0,0,0,0,0,0,0,0,0,11,10,0,0,0,0,0,0,0,0,{},{},{},true,basic_survival,Ranger,basic_survival-ranger-natural-r0-25,20000,false,false,"{""pressure_max"":100,""danger_unlocked_pressure"":10,""three_structures_pressure"":20,""villager_pressure"":15,""explore_poi_pressure"":10,""choose_expansion_pressure"":15,""gold_tier_thresholds"":[25,50,100],""gold_pressure_per_tier"":5,""sanctuary_pressure_per_level"":2,""sanctuary_pressure_max"":10,""online_pressure_tier_ticks"":[600,1800,3600],""online_pressure_per_tier"":5,""signs_threshold"":20,""pressure_threshold"":45,""preparing_threshold"":45,""assault_ready_threshold"":49,""signs_min_online_ticks"":600,""pressure_min_online_ticks"":1200,""preparing_min_online_ticks"":1800,""assault_ready_grace_ticks"":300,""assault_max_online_wait_ticks"":1200,""preferred_launch_window"":""dusk_or_night"",""game_ticks_per_day"":2400,""preferred_launch_start_tick"":2000,""preferred_launch_wrap_end_tick"":400,""assault_composition"":[""Wolf Rider"",""Wolf Rider"",""Goblin Pillager""],""assault_vision"":14,""fallback_spawn_min_distance"":6,""fallback_spawn_max_distance"":8,""sanctuary_spawn_min_offset_from_weak_radius"":1,""sanctuary_spawn_max_offset_from_weak_radius"":3,""neighbouring_structure_exclusion_distance"":3,""spawn_candidate_limit"":96}",1805,0,,,,,,,,,,,,,,,0,0,,,,,,,,,,,,,0,0,0,0,0,0,0,0,0,0,,-2,80,Training Bow,0,0,2,5,2,0,0,0,0,0,0,0,20,14,48,0,0,0,0,0,0,0,0,0,0,0,0,false,false,false,false,0,0,0,0,0,,0,0,0,0,0,0,0,0,0,0,0,0,0,false,false,false,false,false,0,,,,,,,,,,,,0,0,0,0,0,0,0,,[],0
26,TrueDeath,Wolf,19871,8,0,0,0,0,0,0,0,3,2,false,true,true,false,false,false,false,true,false,false,0,false,false,0,1300,17,2,signs,signs,25,8410,,,,,,0,0,0,5,1,0,0,true,standard,0,0,0,0,0,0,0,0,0,0,91,91,0,0,0,0,0,0,0,0,{},{},{},true,basic_survival,Mage,basic_survival-mage-natural-r0-26,20000,false,false,"{""pressure_max"":100,""danger_unlocked_pressure"":10,""three_structures_pressure"":20,""villager_pressure"":15,""explore_poi_pressure"":10,""choose_expansion_pressure"":15,""gold_tier_thresholds"":[25,50,100],""gold_pressure_per_tier"":5,""sanctuary_pressure_per_level"":2,""sanctuary_pressure_max"":10,""online_pressure_tier_ticks"":[600,1800,3600],""online_pressure_per_tier"":5,""signs_threshold"":20,""pressure_threshold"":45,""preparing_threshold"":45,""assault_ready_threshold"":49,""signs_min_online_ticks"":600,""pressure_min_online_ticks"":1200,""preparing_min_online_ticks"":1800,""assault_ready_grace_ticks"":300,""assault_max_online_wait_ticks"":1200,""preferred_launch_window"":""dusk_or_night"",""game_ticks_per_day"":2400,""preferred_launch_start_tick"":2000,""preferred_launch_wrap_end_tick"":400,""assault_composition"":[""Wolf Rider"",""Wolf Rider"",""Goblin Pillager""],""assault_vision"":14,""fallback_spawn_min_distance"":6,""fallback_spawn_max_distance"":8,""sanctuary_spawn_min_offset_from_weak_radius"":1,""sanctuary_spawn_max_offset_from_weak_radius"":3,""neighbouring_structure_exclusion_distance"":3,""spawn_candidate_limit"":96}",1805,0,1800,,,,,,6605,,,,,,,,0,0,20,20,,,,,,,,,,,25,25,10,0,0,0,0,0,0,15,online_time,0,60,Sharpened Stick,0,0,5,3,2,0,0,0,0,0,0,0,20,25,54,0,0,0,0,0,0,0,0,0,0,0,0,true,false,false,false,0,0,0,0,0,,0,0,0,0,0,0,0,0,0,0,0,0,0,false,false,false,false,false,0,8410,,,,,,,,,,,0,0,0,0,0,0,0,,[],0
27,TrueDeath,Starvation,17711,7,0,3,1,0,0,0,0,2,2,false,true,true,true,false,false,false,true,false,false,0,false,false,110,800,14,3,preparing,preparing,45,6611,10210,11561,,,,0,0,0,7,1,0,0,true,standard,0,0,0,0,0,0,0,0,0,0,17,17,0,0,0,0,0,0,0,0,{},{},{},true,prepared_solo,Warrior,prepared_solo-warrior-natural-r0-27,20000,false,false,"{""pressure_max"":100,""danger_unlocked_pressure"":10,""three_structures_pressure"":20,""villager_pressure"":15,""explore_poi_pressure"":10,""choose_expansion_pressure"":15,""gold_tier_thresholds"":[25,50,100],""gold_pressure_per_tier"":5,""sanctuary_pressure_per_level"":2,""sanctuary_pressure_max"":10,""online_pressure_tier_ticks"":[600,1800,3600],""online_pressure_per_tier"":5,""signs_threshold"":20,""pressure_threshold"":45,""preparing_threshold"":45,""assault_ready_threshold"":49,""signs_min_online_ticks"":600,""pressure_min_online_ticks"":1200,""preparing_min_online_ticks"":1800,""assault_ready_grace_ticks"":300,""assault_max_online_wait_ticks"":1200,""preferred_launch_window"":""dusk_or_night"",""game_ticks_per_day"":2400,""preferred_launch_start_tick"":2000,""preferred_launch_wrap_end_tick"":400,""assault_composition"":[""Wolf Rider"",""Wolf Rider"",""Goblin Pillager""],""assault_vision"":14,""fallback_spawn_min_distance"":6,""fallback_spawn_max_distance"":8,""sanctuary_spawn_min_offset_from_weak_radius"":1,""sanctuary_spawn_max_offset_from_weak_radius"":3,""neighbouring_structure_exclusion_distance"":3,""spawn_candidate_limit"":96}",1805,0,1,3600,4800,,,,4806,3599,1351,,,,,,0,0,30,30,45,45,45,45,,,,,,,45,45,10,20,0,0,0,0,0,15,structures,110,110,Sharpened Stick,1,1,0,3,3,0,1,20,20,0,0,0,20,13,39,0,0,0,0,0,0,0,0,0,0,7200,596,false,false,false,false,0,0,0,0,0,,0,0,0,0,0,0,0,0,0,0,0,0,0,false,false,false,false,false,0,6611,11561,,,,,true,,,,,0,0,0,0,0,0,0,,[],0
28,TrueDeath,Wolf,2767,1,0,0,0,0,0,0,0,1,2,false,true,false,false,false,false,false,false,false,false,0,false,false,-2,100,17,2,dormant,dormant,0,,,,,,,0,0,0,1,1,0,0,true,standard,0,0,0,0,0,0,0,0,0,0,11,11,0,0,0,0,0,0,0,0,{},{},{},true,prepared_solo,Ranger,prepared_solo-ranger-natural-r0-28,20000,false,false,"{""pressure_max"":100,""danger_unlocked_pressure"":10,""three_structures_pressure"":20,""villager_pressure"":15,""explore_poi_pressure"":10,""choose_expansion_pressure"":15,""gold_tier_thresholds"":[25,50,100],""gold_pressure_per_tier"":5,""sanctuary_pressure_per_level"":2,""sanctuary_pressure_max"":10,""online_pressure_tier_ticks"":[600,1800,3600],""online_pressure_per_tier"":5,""signs_threshold"":20,""pressure_threshold"":45,""preparing_threshold"":45,""assault_ready_threshold"":49,""signs_min_online_ticks"":600,""pressure_min_online_ticks"":1200,""preparing_min_online_ticks"":1800,""assault_ready_grace_ticks"":300,""assault_max_online_wait_ticks"":1200,""preferred_launch_window"":""dusk_or_night"",""game_ticks_per_day"":2400,""preferred_launch_start_tick"":2000,""preferred_launch_wrap_end_tick"":400,""assault_composition"":[""Wolf Rider"",""Wolf Rider"",""Goblin Pillager""],""assault_vision"":14,""fallback_spawn_min_distance"":6,""fallback_spawn_max_distance"":8,""sanctuary_spawn_min_offset_from_weak_radius"":1,""sanctuary_spawn_max_offset_from_weak_radius"":3,""neighbouring_structure_exclusion_distance"":3,""spawn_candidate_limit"":96}",1805,0,,,,,,,,,,,,,,,0,0,,,,,,,,,,,,,0,0,0,0,0,0,0,0,0,0,,-2,80,Training Bow,0,0,9,5,2,0,0,0,0,0,0,0,20,7,41,0,0,0,0,0,0,0,0,0,0,0,0,false,false,false,false,0,0,0,0,0,,0,0,0,0,0,0,0,0,0,0,0,0,0,false,false,false,false,false,0,,,,,,,,,,,,0,0,0,0,0,0,0,,[],0
29,TrueDeath,Wolf,8415,3,0,0,0,0,0,0,0,3,2,false,true,true,true,false,false,false,false,false,false,0,false,false,-7,1200,14,4,signs,signs,44,6611,,,,,,0,0,0,4,1,0,0,true,standard,0,0,0,0,0,0,0,0,0,0,55,54,0,0,0,0,0,0,0,0,{},{},{},true,prepared_solo,Mage,prepared_solo-mage-natural-r0-29,20000,false,false,"{""pressure_max"":100,""danger_unlocked_pressure"":10,""three_structures_pressure"":20,""villager_pressure"":15,""explore_poi_pressure"":10,""choose_expansion_pressure"":15,""gold_tier_thresholds"":[25,50,100],""gold_pressure_per_tier"":5,""sanctuary_pressure_per_level"":2,""sanctuary_pressure_max"":10,""online_pressure_tier_ticks"":[600,1800,3600],""online_pressure_per_tier"":5,""signs_threshold"":20,""pressure_threshold"":45,""preparing_threshold"":45,""assault_ready_threshold"":49,""signs_min_online_ticks"":600,""pressure_min_online_ticks"":1200,""preparing_min_online_ticks"":1800,""assault_ready_grace_ticks"":300,""assault_max_online_wait_ticks"":1200,""preferred_launch_window"":""dusk_or_night"",""game_ticks_per_day"":2400,""preferred_launch_start_tick"":2000,""preferred_launch_wrap_end_tick"":400,""assault_composition"":[""Wolf Rider"",""Wolf Rider"",""Goblin Pillager""],""assault_vision"":14,""fallback_spawn_min_distance"":6,""fallback_spawn_max_distance"":8,""sanctuary_spawn_min_offset_from_weak_radius"":1,""sanctuary_spawn_max_offset_from_weak_radius"":3,""neighbouring_structure_exclusion_distance"":3,""spawn_candidate_limit"":96}",1805,0,1,,,,,,4806,,,,,,,,0,0,32,32,,,,,,,,,,,44,44,10,20,0,0,0,0,4,10,structures,-7,60,Sharpened Stick,0,0,2,4,3,1,1,20,20,0,0,2,20,25,51,0,0,0,0,0,0,0,0,0,0,0,0,false,false,false,false,0,0,0,0,0,,0,0,0,0,0,0,0,0,0,0,0,0,0,false,false,false,false,false,0,6611,,,,,,,,,,,0,0,0,0,0,0,0,,[],0
30,TrueDeath,Wolf,6351,2,0,2,1,0,0,0,0,1,2,false,true,false,true,false,false,false,false,false,false,0,false,false,-1,600,14,3,signs,signs,35,6611,,,,,,0,0,0,3,1,0,0,true,standard,0,0,0,0,0,0,0,0,0,0,20,20,0,0,0,0,0,0,0,0,{},{},{},true,fortified_solo,Warrior,fortified_solo-warrior-natural-r0-30,20000,false,false,"{""pressure_max"":100,""danger_unlocked_pressure"":10,""three_structures_pressure"":20,""villager_pressure"":15,""explore_poi_pressure"":10,""choose_expansion_pressure"":15,""gold_tier_thresholds"":[25,50,100],""gold_pressure_per_tier"":5,""sanctuary_pressure_per_level"":2,""sanctuary_pressure_max"":10,""online_pressure_tier_ticks"":[600,1800,3600],""online_pressure_per_tier"":5,""signs_threshold"":20,""pressure_threshold"":45,""preparing_threshold"":45,""assault_ready_threshold"":49,""signs_min_online_ticks"":600,""pressure_min_online_ticks"":1200,""preparing_min_online_ticks"":1800,""assault_ready_grace_ticks"":300,""assault_max_online_wait_ticks"":1200,""preferred_launch_window"":""dusk_or_night"",""game_ticks_per_day"":2400,""preferred_launch_start_tick"":2000,""preferred_launch_wrap_end_tick"":400,""assault_composition"":[""Wolf Rider"",""Wolf Rider"",""Goblin Pillager""],""assault_vision"":14,""fallback_spawn_min_distance"":6,""fallback_spawn_max_distance"":8,""sanctuary_spawn_min_offset_from_weak_radius"":1,""sanctuary_spawn_max_offset_from_weak_radius"":3,""neighbouring_structure_exclusion_distance"":3,""spawn_candidate_limit"":96}",1805,0,1,,,,,,4806,,,,,,,,0,0,30,30,,,,,,,,,,,35,35,10,20,0,0,0,0,0,5,structures,-1,110,Sharpened Stick,1,0,0,4,3,0,1,20,20,0,0,0,20,13,44,0,0,0,0,0,0,0,0,0,0,0,0,true,false,false,false,0,0,0,0,0,,0,0,0,0,0,0,0,0,0,0,0,0,0,false,false,false,false,false,0,6611,,,,,,,,,,,0,0,0,0,0,0,0,,[],0
31,MaxTicks,,20007,8,0,22,1,0,0,0,0,2,1,false,true,true,true,false,false,false,true,false,false,0,false,false,80,1030,16,3,signs,signs,25,8410,,,,,,0,0,0,5,1,0,0,true,standard,0,0,0,0,0,0,0,0,0,0,46,46,0,0,0,0,0,0,0,0,{},{},{},true,fortified_solo,Ranger,fortified_solo-ranger-natural-r0-31,20000,true,false,"{""pressure_max"":100,""danger_unlocked_pressure"":10,""three_structures_pressure"":20,""villager_pressure"":15,""explore_poi_pressure"":10,""choose_expansion_pressure"":15,""gold_tier_thresholds"":[25,50,100],""gold_pressure_per_tier"":5,""sanctuary_pressure_per_level"":2,""sanctuary_pressure_max"":10,""online_pressure_tier_ticks"":[600,1800,3600],""online_pressure_per_tier"":5,""signs_threshold"":20,""pressure_threshold"":45,""preparing_threshold"":45,""assault_ready_threshold"":49,""signs_min_online_ticks"":600,""pressure_min_online_ticks"":1200,""preparing_min_online_ticks"":1800,""assault_ready_grace_ticks"":300,""assault_max_online_wait_ticks"":1200,""preferred_launch_window"":""dusk_or_night"",""game_ticks_per_day"":2400,""preferred_launch_start_tick"":2000,""preferred_launch_wrap_end_tick"":400,""assault_composition"":[""Wolf Rider"",""Wolf Rider"",""Goblin Pillager""],""assault_vision"":14,""fallback_spawn_min_distance"":6,""fallback_spawn_max_distance"":8,""sanctuary_spawn_min_offset_from_weak_radius"":1,""sanctuary_spawn_max_offset_from_weak_radius"":3,""neighbouring_structure_exclusion_distance"":3,""spawn_candidate_limit"":96}",1805,0,1800,,,,,,6605,,,,,,,,0,0,20,20,,,,,,,,,,,25,25,10,0,0,0,0,0,0,15,online_time,80,80,Training Bow,0,0,13,3,2,1,0,0,0,0,0,0,20,14,40,0,0,0,0,0,0,0,0,0,0,0,0,false,false,false,false,0,0,0,0,0,,0,0,0,0,0,0,0,0,0,0,0,0,0,false,false,false,false,false,0,8410,,,,,,,,,,,0,0,0,0,0,0,0,,[],0
32,TrueDeath,Wolf,15455,6,0,0,0,0,0,0,0,2,2,false,true,true,false,false,false,false,true,false,false,0,false,false,-7,400,19,2,signs,signs,25,8410,,,,,,0,0,0,5,1,0,0,true,standard,0,0,0,0,0,0,0,0,0,0,64,64,0,0,0,0,0,0,0,0,{},{},{},true,fortified_solo,Mage,fortified_solo-mage-natural-r0-32,20000,false,false,"{""pressure_max"":100,""danger_unlocked_pressure"":10,""three_structures_pressure"":20,""villager_pressure"":15,""explore_poi_pressure"":10,""choose_expansion_pressure"":15,""gold_tier_thresholds"":[25,50,100],""gold_pressure_per_tier"":5,""sanctuary_pressure_per_level"":2,""sanctuary_pressure_max"":10,""online_pressure_tier_ticks"":[600,1800,3600],""online_pressure_per_tier"":5,""signs_threshold"":20,""pressure_threshold"":45,""preparing_threshold"":45,""assault_ready_threshold"":49,""signs_min_online_ticks"":600,""pressure_min_online_ticks"":1200,""preparing_min_online_ticks"":1800,""assault_ready_grace_ticks"":300,""assault_max_online_wait_ticks"":1200,""preferred_launch_window"":""dusk_or_night"",""game_ticks_per_day"":2400,""preferred_launch_start_tick"":2000,""preferred_launch_wrap_end_tick"":400,""assault_composition"":[""Wolf Rider"",""Wolf Rider"",""Goblin Pillager""],""assault_vision"":14,""fallback_spawn_min_distance"":6,""fallback_spawn_max_distance"":8,""sanctuary_spawn_min_offset_from_weak_radius"":1,""sanctuary_spawn_max_offset_from_weak_radius"":3,""neighbouring_structure_exclusion_distance"":3,""spawn_candidate_limit"":96}",1805,0,1800,,,,,,6605,,,,,,,,0,0,20,20,,,,,,,,,,,25,25,10,0,0,0,0,0,0,15,online_time,-7,60,Sharpened Stick,0,0,3,3,2,0,0,0,0,0,0,0,20,14,40,0,0,0,0,0,0,0,0,0,0,0,0,true,false,false,false,0,0,0,0,0,,0,0,0,0,0,0,0,0,0,0,0,0,0,false,false,false,false,false,0,8410,,,,,,,,,,,0,0,0,0,0,0,0,,[],0
33,TrueDeath,Wolf Rider,14135,5,0,19,1,0,0,0,0,2,2,false,true,true,true,false,false,false,true,false,false,0,false,false,-6,400,16,4,assault_active,assault_active,49,6611,10210,11410,13210,14000,,1,0,2,15,1,0,0,true,standard,0,0,0,0,0,0,0,0,0,0,89,88,0,0,0,0,0,0,0,0,{},{},{},true,no_villagers,Warrior,no_villagers-warrior-natural-r0-33,20000,false,false,"{""pressure_max"":100,""danger_unlocked_pressure"":10,""three_structures_pressure"":20,""villager_pressure"":15,""explore_poi_pressure"":10,""choose_expansion_pressure"":15,""gold_tier_thresholds"":[25,50,100],""gold_pressure_per_tier"":5,""sanctuary_pressure_per_level"":2,""sanctuary_pressure_max"":10,""online_pressure_tier_ticks"":[600,1800,3600],""online_pressure_per_tier"":5,""signs_threshold"":20,""pressure_threshold"":45,""preparing_threshold"":45,""assault_ready_threshold"":49,""signs_min_online_ticks"":600,""pressure_min_online_ticks"":1200,""preparing_min_online_ticks"":1800,""assault_ready_grace_ticks"":300,""assault_max_online_wait_ticks"":1200,""preferred_launch_window"":""dusk_or_night"",""game_ticks_per_day"":2400,""preferred_launch_start_tick"":2000,""preferred_launch_wrap_end_tick"":400,""assault_composition"":[""Wolf Rider"",""Wolf Rider"",""Goblin Pillager""],""assault_vision"":14,""fallback_spawn_min_distance"":6,""fallback_spawn_max_distance"":8,""sanctuary_spawn_min_offset_from_weak_radius"":1,""sanctuary_spawn_max_offset_from_weak_radius"":3,""neighbouring_structure_exclusion_distance"":3,""spawn_candidate_limit"":96}",1805,0,1,3600,4800,6600,7390,,4806,3599,1200,1800,790,,,7390,0,0,32,32,49,49,49,49,49,49,49,49,,,49,49,10,20,0,0,0,0,4,15,structures,99,110,Sharpened Stick,1,1,0,3,4,0,2,40,40,0,0,2,20,14,40,0,0,0,0,0,0,0,0,0,0,2590,0,false,false,true,false,3,1,2,153,2,,0,0,4,0,0,2,0,0,0,1,0,0,0,false,false,false,false,false,0,6611,11410,13210,14000,2590,790,true,true,true,7389,7389,0,0,0,0,1,0,0,,[],0
34,TrueDeath,Wolf,4479,1,0,8,0,0,0,0,0,1,2,false,true,true,true,false,false,false,false,false,false,0,false,false,-4,415,15,3,dormant,dormant,0,,,,,,,0,0,0,1,1,0,0,true,standard,0,0,0,0,0,0,0,0,0,0,17,17,0,0,0,0,0,0,0,0,{},{},{},true,no_villagers,Ranger,no_villagers-ranger-natural-r0-34,20000,false,false,"{""pressure_max"":100,""danger_unlocked_pressure"":10,""three_structures_pressure"":20,""villager_pressure"":15,""explore_poi_pressure"":10,""choose_expansion_pressure"":15,""gold_tier_thresholds"":[25,50,100],""gold_pressure_per_tier"":5,""sanctuary_pressure_per_level"":2,""sanctuary_pressure_max"":10,""online_pressure_tier_ticks"":[600,1800,3600],""online_pressure_per_tier"":5,""signs_threshold"":20,""pressure_threshold"":45,""preparing_threshold"":45,""assault_ready_threshold"":49,""signs_min_online_ticks"":600,""pressure_min_online_ticks"":1200,""preparing_min_online_ticks"":1800,""assault_ready_grace_ticks"":300,""assault_max_online_wait_ticks"":1200,""preferred_launch_window"":""dusk_or_night"",""game_ticks_per_day"":2400,""preferred_launch_start_tick"":2000,""preferred_launch_wrap_end_tick"":400,""assault_composition"":[""Wolf Rider"",""Wolf Rider"",""Goblin Pillager""],""assault_vision"":14,""fallback_spawn_min_distance"":6,""fallback_spawn_max_distance"":8,""sanctuary_spawn_min_offset_from_weak_radius"":1,""sanctuary_spawn_max_offset_from_weak_radius"":3,""neighbouring_structure_exclusion_distance"":3,""spawn_candidate_limit"":96}",1805,0,,,,,,,,,,,,,,,0,0,,,,,,,,,,,,,0,0,0,0,0,0,0,0,0,0,,-4,80,Training Bow,0,0,2,5,3,0,1,20,20,0,0,0,20,11,37,0,0,0,0,0,0,0,0,0,0,0,0,false,false,false,false,0,0,0,0,0,,0,0,0,0,0,0,0,0,0,0,0,0,0,false,false,false,false,false,0,,,,,,,,,,,,0,0,0,0,0,0,0,,[],0
35,TrueDeath,Wolf,5239,2,0,2,1,0,0,0,0,1,2,false,true,true,true,false,false,false,false,false,false,0,false,false,-1,300,16,4,signs,signs,30,6611,,,,,,0,0,0,2,1,0,0,true,standard,0,0,0,0,0,0,0,0,0,0,71,70,0,0,0,0,0,0,0,0,{},{},{},true,no_villagers,Mage,no_villagers-mage-natural-r0-35,20000,false,false,"{""pressure_max"":100,""danger_unlocked_pressure"":10,""three_structures_pressure"":20,""villager_pressure"":15,""explore_poi_pressure"":10,""choose_expansion_pressure"":15,""gold_tier_thresholds"":[25,50,100],""gold_pressure_per_tier"":5,""sanctuary_pressure_per_level"":2,""sanctuary_pressure_max"":10,""online_pressure_tier_ticks"":[600,1800,3600],""online_pressure_per_tier"":5,""signs_threshold"":20,""pressure_threshold"":45,""preparing_threshold"":45,""assault_ready_threshold"":49,""signs_min_online_ticks"":600,""pressure_min_online_ticks"":1200,""preparing_min_online_ticks"":1800,""assault_ready_grace_ticks"":300,""assault_max_online_wait_ticks"":1200,""preferred_launch_window"":""dusk_or_night"",""game_ticks_per_day"":2400,""preferred_launch_start_tick"":2000,""preferred_launch_wrap_end_tick"":400,""assault_composition"":[""Wolf Rider"",""Wolf Rider"",""Goblin Pillager""],""assault_vision"":14,""fallback_spawn_min_distance"":6,""fallback_spawn_max_distance"":8,""sanctuary_spawn_min_offset_from_weak_radius"":1,""sanctuary_spawn_max_offset_from_weak_radius"":3,""neighbouring_structure_exclusion_distance"":3,""spawn_candidate_limit"":96}",1805,0,1,,,,,,4806,,,,,,,,0,0,30,30,,,,,,,,,,,30,30,10,20,0,0,0,0,0,0,structures,-1,60,Sharpened Stick,0,0,2,4,4,0,2,40,40,0,0,0,20,11,37,0,0,0,0,0,0,0,0,0,0,0,0,false,false,false,false,0,0,0,0,0,,0,0,0,0,0,0,0,0,0,0,0,0,0,false,false,false,false,false,0,6611,,,,,,,,,,,0,0,0,0,0,0,0,,[],0
36,TrueDeath,Wolf,5159,2,0,5,1,0,0,0,0,1,2,true,true,true,true,true,true,false,false,false,false,0,false,false,-2,500,16,3,signs,signs,55,6611,,,,,,0,0,0,2,1,0,0,true,standard,0,0,0,0,0,0,0,0,0,0,31,31,0,0,0,0,0,0,0,0,{},{},{},true,villager_supported,Warrior,villager_supported-warrior-natural-r0-36,20000,false,false,"{""pressure_max"":100,""danger_unlocked_pressure"":10,""three_structures_pressure"":20,""villager_pressure"":15,""explore_poi_pressure"":10,""choose_expansion_pressure"":15,""gold_tier_thresholds"":[25,50,100],""gold_pressure_per_tier"":5,""sanctuary_pressure_per_level"":2,""sanctuary_pressure_max"":10,""online_pressure_tier_ticks"":[600,1800,3600],""online_pressure_per_tier"":5,""signs_threshold"":20,""pressure_threshold"":45,""preparing_threshold"":45,""assault_ready_threshold"":49,""signs_min_online_ticks"":600,""pressure_min_online_ticks"":1200,""preparing_min_online_ticks"":1800,""assault_ready_grace_ticks"":300,""assault_max_online_wait_ticks"":1200,""preferred_launch_window"":""dusk_or_night"",""game_ticks_per_day"":2400,""preferred_launch_start_tick"":2000,""preferred_launch_wrap_end_tick"":400,""assault_composition"":[""Wolf Rider"",""Wolf Rider"",""Goblin Pillager""],""assault_vision"":14,""fallback_spawn_min_distance"":6,""fallback_spawn_max_distance"":8,""sanctuary_spawn_min_offset_from_weak_radius"":1,""sanctuary_spawn_max_offset_from_weak_radius"":3,""neighbouring_structure_exclusion_distance"":3,""spawn_candidate_limit"":96}",1805,0,1,,,,,,4806,,,,,,,,0,0,55,55,,,,,,,,,,,55,55,10,20,15,10,0,0,0,0,structures,-2,110,Sharpened Stick,1,0,0,5,3,0,1,20,20,1,0,0,20,19,45,0,0,0,0,0,0,0,0,0,0,0,0,false,false,false,false,0,0,0,0,0,,0,0,0,0,0,0,0,0,0,0,0,0,0,false,false,false,false,false,0,6611,,,,,,,,,,,0,0,0,0,0,0,0,,[],0
37,TrueDeath,Wolf,7007,2,0,10,0,0,0,0,0,1,2,true,true,true,true,true,true,false,false,false,false,0,false,false,-5,405,18,3,preparing,preparing,65,6611,7211,8562,,,,0,0,0,8,1,0,0,true,standard,0,0,0,0,0,0,0,0,0,0,38,38,0,0,0,0,0,0,0,0,{},{},{},true,villager_supported,Ranger,villager_supported-ranger-natural-r0-37,20000,false,false,"{""pressure_max"":100,""danger_unlocked_pressure"":10,""three_structures_pressure"":20,""villager_pressure"":15,""explore_poi_pressure"":10,""choose_expansion_pressure"":15,""gold_tier_thresholds"":[25,50,100],""gold_pressure_per_tier"":5,""sanctuary_pressure_per_level"":2,""sanctuary_pressure_max"":10,""online_pressure_tier_ticks"":[600,1800,3600],""online_pressure_per_tier"":5,""signs_threshold"":20,""pressure_threshold"":45,""preparing_threshold"":45,""assault_ready_threshold"":49,""signs_min_online_ticks"":600,""pressure_min_online_ticks"":1200,""preparing_min_online_ticks"":1800,""assault_ready_grace_ticks"":300,""assault_max_online_wait_ticks"":1200,""preferred_launch_window"":""dusk_or_night"",""game_ticks_per_day"":2400,""preferred_launch_start_tick"":2000,""preferred_launch_wrap_end_tick"":400,""assault_composition"":[""Wolf Rider"",""Wolf Rider"",""Goblin Pillager""],""assault_vision"":14,""fallback_spawn_min_distance"":6,""fallback_spawn_max_distance"":8,""sanctuary_spawn_min_offset_from_weak_radius"":1,""sanctuary_spawn_max_offset_from_weak_radius"":3,""neighbouring_structure_exclusion_distance"":3,""spawn_candidate_limit"":96}",1805,0,1,601,1801,,,,4806,600,1351,,,,,,0,0,55,55,60,60,65,65,,,,,,,65,65,10,20,15,10,0,0,0,10,structures,-5,80,Training Bow,0,0,3,4,3,0,1,20,20,0,0,0,0,8,14,0,0,0,0,0,0,0,0,0,0,0,95,false,false,false,false,0,0,0,0,0,,0,0,0,0,0,0,0,0,0,0,0,0,0,false,false,false,false,false,0,6611,8562,,,,,true,,,,,0,0,0,0,0,0,0,,[],0
38,TrueDeath,Goblin Pillager,10735,4,0,2,1,0,0,0,0,2,2,true,true,true,true,true,true,false,false,false,false,0,false,false,-9,400,19,3,assault_active,assault_active,57,6611,7211,8411,10211,11411,,1,0,3,16,1,0,0,true,standard,0,0,0,0,0,0,0,0,0,0,60,60,0,0,0,0,0,0,0,0,{},{},{},true,villager_supported,Mage,villager_supported-mage-natural-r0-38,20000,false,false,"{""pressure_max"":100,""danger_unlocked_pressure"":10,""three_structures_pressure"":20,""villager_pressure"":15,""explore_poi_pressure"":10,""choose_expansion_pressure"":15,""gold_tier_thresholds"":[25,50,100],""gold_pressure_per_tier"":5,""sanctuary_pressure_per_level"":2,""sanctuary_pressure_max"":10,""online_pressure_tier_ticks"":[600,1800,3600],""online_pressure_per_tier"":5,""signs_threshold"":20,""pressure_threshold"":45,""preparing_threshold"":45,""assault_ready_threshold"":49,""signs_min_online_ticks"":600,""pressure_min_online_ticks"":1200,""preparing_min_online_ticks"":1800,""assault_ready_grace_ticks"":300,""assault_max_online_wait_ticks"":1200,""preferred_launch_window"":""dusk_or_night"",""game_ticks_per_day"":2400,""preferred_launch_start_tick"":2000,""preferred_launch_wrap_end_tick"":400,""assault_composition"":[""Wolf Rider"",""Wolf Rider"",""Goblin Pillager""],""assault_vision"":14,""fallback_spawn_min_distance"":6,""fallback_spawn_max_distance"":8,""sanctuary_spawn_min_offset_from_weak_radius"":1,""sanctuary_spawn_max_offset_from_weak_radius"":3,""neighbouring_structure_exclusion_distance"":3,""spawn_candidate_limit"":96}",1805,0,1,601,1801,3601,4801,,4806,600,1200,1800,1200,,,4801,0,0,57,57,62,62,67,67,57,57,57,57,,,57,57,10,20,0,10,0,0,2,15,structures,41,60,Sharpened Stick,0,0,1,3,3,0,1,20,20,0,0,1,0,12,18,0,0,0,0,0,0,0,0,0,0,3000,0,false,false,true,false,3,0,3,91,2,,0,0,3,0,0,1,0,0,0,0,0,0,0,false,false,false,false,false,0,6611,8411,10211,11411,3000,1200,true,true,true,4800,4800,0,0,0,0,0,0,0,,[],0
